"","x"
"1","AAACCTGCAGAGTGTG"
"2","AAACCTGGTCGAACAG"
"3","AAACGGGAGAAGGTTT"
"4","AAACGGGAGTAGTGCG"
"5","AAACGGGGTAGCACGA"
"6","AAAGATGCATGGATGG"
"7","AAAGATGTCAGCTCGG"
"8","AAAGCAACAGACGCAA"
"9","AAAGTAGAGTGGAGTC"
"10","AAAGTAGGTTGCTCCT"
"11","AACACGTAGGGTTCCC"
"12","AACCGCGAGAAGAAGC"
"13","AACCGCGCAGCCTATA"
"14","AACGTTGCATGCCACG"
"15","AACTCAGAGGACATTA"
"16","AACTCAGCATTGGCGC"
"17","AACTCAGTCAACGCTA"
"18","AACTCCCCAGTAGAGC"
"19","AACTCTTGTGTGACCC"
"20","AACTTTCAGAGTCTGG"
"21","AACTTTCCACTTAAGC"
"22","AACTTTCTCCGAAGAG"
"23","AAGACCTAGCGAGAAA"
"24","AAGACCTAGGCTAGCA"
"25","AAGCCGCTCAACCAAC"
"26","AAGGAGCAGTGATCGG"
"27","AAGGAGCTCACCATAG"
"28","AAGGCAGCAAAGGAAG"
"29","AAGGTTCAGTACATGA"
"30","AAGGTTCTCGCCGTGA"
"31","AAGGTTCTCTTGTATC"
"32","AAGTCTGGTAGTGAAT"
"33","AAGTCTGTCATAAAGG"
"34","AATCCAGGTCCGTTAA"
"35","AATCGGTAGGATATAC"
"36","AATCGGTGTATTACCG"
"37","ACACCAAAGGGAAACA"
"38","ACACCAACAATCACAC"
"39","ACACCAACATCGATGT"
"40","ACACCAAGTCAACATC"
"41","ACACCAAGTTGAGTTC"
"42","ACACCCTAGAGCAATT"
"43","ACACCGGGTACAAGTA"
"44","ACACCGGTCCGTAGGC"
"45","ACACTGAGTACCGTTA"
"46","ACACTGATCCCATTTA"
"47","ACAGCTAAGATCGGGT"
"48","ACAGCTACATCACCCT"
"49","ACATACGAGTTGTCGT"
"50","ACATACGCACAGACTT"
"51","ACATACGTCTGGTGTA"
"52","ACATCAGAGAGGGATA"
"53","ACATCAGAGTGGAGTC"
"54","ACATCAGGTGGACGAT"
"55","ACATGGTAGATGTGGC"
"56","ACATGGTGTGCAACGA"
"57","ACATGGTTCTGCTTGC"
"58","ACCAGTACAGTTAACC"
"59","ACCAGTACATGTTGAC"
"60","ACCAGTAGTCCGTGAC"
"61","ACCAGTATCTTCCTTC"
"62","ACCCACTCACGTCTCT"
"63","ACCCACTCAGGTGCCT"
"64","ACCCACTCATTCACTT"
"65","ACCCACTGTCTAGTCA"
"66","ACCGTAATCATCTGCC"
"67","ACCTTTACAGCATGAG"
"68","ACCTTTAGTGGACGAT"
"69","ACGAGCCTCCCATTAT"
"70","ACGAGGACAGACGCAA"
"71","ACGATACTCGACAGCC"
"72","ACGATACTCTATCCTA"
"73","ACGCAGCTCTTCCTTC"
"74","ACGCCGATCGAGCCCA"
"75","ACGGAGAGTTCCGTCT"
"76","ACGGCCAAGAGTTGGC"
"77","ACGGCCAGTCTCCACT"
"78","ACGGCCAGTTCGGCAC"
"79","ACGGCCATCAACGAAA"
"80","ACGGGCTTCAAGGTAA"
"81","ACGGGTCAGAGGTTAT"
"82","ACGGGTCCATTCCTGC"
"83","ACGGGTCGTGACGCCT"
"84","ACGGGTCTCCCTAATT"
"85","ACTATCTAGGGTCTCC"
"86","ACTATCTGTGGCAAAC"
"87","ACTATCTTCTTGTCAT"
"88","ACTGAACGTTGGGACA"
"89","ACTGAGTGTATATCCG"
"90","ACTGAGTGTGAGGGTT"
"91","ACTGATGTCAACACGT"
"92","ACTGCTCAGCCACGTC"
"93","ACTGTCCGTAGCTAAA"
"94","ACTTACTAGACTCGGA"
"95","ACTTACTGTAAGTGGC"
"96","ACTTACTTCCAAGTAC"
"97","ACTTGTTAGAGCTATA"
"98","ACTTGTTCAGGGTACA"
"99","ACTTTCACAATAAGCA"
"100","ACTTTCATCGGACAAG"
"101","AGAATAGCAGGCTCAC"
"102","AGACGTTAGTCTCGGC"
"103","AGACGTTCAGTCGTGC"
"104","AGAGCGAAGCTAAACA"
"105","AGAGCGAAGGGTATCG"
"106","AGAGCGACAGATAATG"
"107","AGAGCGAGTTTGACAC"
"108","AGAGCGATCAGTTTGG"
"109","AGAGCTTGTTGTTTGG"
"110","AGAGCTTTCAAGAAGT"
"111","AGAGTGGCAAACTGCT"
"112","AGATCTGAGCGTTGCC"
"113","AGATCTGCACTGAAGG"
"114","AGATTGCTCGTCTGCT"
"115","AGATTGCTCTTCGAGA"
"116","AGCAGCCCAACAACCT"
"117","AGCATACCAAGCCGTC"
"118","AGCATACTCCCTCAGT"
"119","AGCCTAACACTTCGAA"
"120","AGCGGTCCACCCATGG"
"121","AGCGTATAGTCCTCCT"
"122","AGCGTATTCCTATTCA"
"123","AGCGTATTCTCGCATC"
"124","AGCGTCGAGAAGGACA"
"125","AGCGTCGCAGGGTATG"
"126","AGCGTCGGTCTAGCCG"
"127","AGCTCCTCAACACCTA"
"128","AGCTCCTGTCCAACTA"
"129","AGCTCCTTCTCGCTTG"
"130","AGCTCTCCACGTAAGG"
"131","AGCTCTCGTGCACTTA"
"132","AGCTTGAGTACTTAGC"
"133","AGGCCACGTACACCGC"
"134","AGGCCACTCCTCAATT"
"135","AGGCCGTAGCCCGAAA"
"136","AGGCCGTCATTTGCTT"
"137","AGGCCGTGTAAGAGAG"
"138","AGGCCGTTCCTTTACA"
"139","AGGGAGTAGAGGGCTT"
"140","AGGGAGTAGTGCCATT"
"141","AGGGAGTCACGGCTAC"
"142","AGGGATGAGACTAGGC"
"143","AGGGATGCAAGGGTCA"
"144","AGGGTGACATCTGGTA"
"145","AGGGTGACATGACATC"
"146","AGGTCATCAGCCTTGG"
"147","AGGTCCGTCACGATGT"
"148","AGTAGTCTCGGAATCT"
"149","AGTGAGGAGAAGGTGA"
"150","AGTGGGATCTCATTCA"
"151","AGTGTCACACCACGTG"
"152","AGTTGGTAGGCTAGAC"
"153","AGTTGGTCATCCCACT"
"154","ATAACGCCAGATGAGC"
"155","ATAACGCTCCGTTGCT"
"156","ATAGACCCATTTGCTT"
"157","ATCACGAAGCTCAACT"
"158","ATCACGACACGAAGCA"
"159","ATCACGACATCGGAAG"
"160","ATCACGACATCGTCGG"
"161","ATCATGGTCCCATTTA"
"162","ATCCACCGTAGCGTGA"
"163","ATCCGAAAGTCATCCA"
"164","ATCTACTAGCGATGAC"
"165","ATCTACTGTCTCTTTA"
"166","ATCTGCCCATTGAGCT"
"167","ATCTGCCTCAATCACG"
"168","ATGAGGGGTGGCCCTA"
"169","ATGCGATAGAGAACAG"
"170","ATGCGATTCAGTCCCT"
"171","ATGGGAGGTACCGCTG"
"172","ATGGGAGTCCGAGCCA"
"173","ATGTGTGAGGACACCA"
"174","ATTACTCCAAGCTGAG"
"175","ATTACTCGTGTTGGGA"
"176","ATTACTCTCATGTAGC"
"177","ATTATCCAGCCACCTG"
"178","ATTATCCCACGCATCG"
"179","ATTATCCTCCACGCAG"
"180","ATTATCCTCCTACAGA"
"181","ATTCTACCAGTCGATT"
"182","ATTCTACTCTGCCAGG"
"183","ATTGGACCACAACGTT"
"184","ATTGGACGTTAGATGA"
"185","ATTGGTGGTTCTGTTT"
"186","ATTTCTGAGAATTCCC"
"187","ATTTCTGAGCTTATCG"
"188","ATTTCTGAGTGTTGAA"
