,cluster
AAACCTGCACGACGAA,0
AAACCTGGTTCCACGG,1
AAACCTGTCTCGATGA,0
AAACGGGAGCGCTCCA,2
AAAGCAAAGTGAATTG,1
AAAGCAACACCGAAAG,4
AACGTTGTCCTCATTA,1
AACTCAGTCACTTCAT,3
AACTCTTGTCTTGCGG,0
AACTTTCCACGAAGCA,2
AAGACCTCAGGGTTAG,1
AAGACCTCAGGTTTCA,2
AAGACCTTCTCAAACG,0
AAGGAGCAGCCAGAAC,2
AAGGCAGAGCTCAACT,2
AAGGCAGGTCACCTAA,1
AAGGTTCCAGCTATTG,0
AAGGTTCGTATAGTAG,3
AATCCAGCATGATCCA,0
AATCCAGTCAGTTAGC,3
ACACCAACATCTCGCT,1
ACACCCTCAGTCGATT,1
ACACCCTTCGAGCCCA,1
ACAGCCGGTAGCGTAG,2
ACATACGTCACTGGGC,2
ACATCAGAGTTTAGGA,3
ACATCAGCAGATCCAT,1
ACATGGTAGAGTTGGC,5
ACATGGTAGCTAAGAT,0
ACATGGTGTAAGTTCC,3
ACATGGTTCCACGTGG,0
ACCCACTAGATATACG,0
ACCGTAAAGGATGGTC,0
ACGAGCCAGCGCTCCA,3
ACGATACAGCCGTCGT,0
ACGATGTCATACGCTA,1
ACGATGTTCTACGAGT,1
ACGGAGAGTCACACGC,1
ACGGCCACAACTGCTA,1
ACGGGCTAGTAGATGT,0
ACGGGTCCAGGCTCAC,2
ACGGGTCGTTGTACAC,1
ACTGAGTCACTGCCAG,1
ACTGAGTTCGACCAGC,1
ACTGATGAGCTCTCGG,0
ACTGCTCAGACCCACC,1
ACTGCTCGTGCGGTAA,0
ACTTACTAGAAACCGC,0
ACTTGTTCATCCAACA,0
AGAATAGTCTCTGCTG,1
AGACGTTTCTCGATGA,4
AGAGCGAAGCACGCCT,0
AGAGCGACAACACCCG,5
AGAGCGATCCGTAGTA,4
AGAGCTTAGTACGTTC,0
AGAGTGGAGTCCGTAT,0
AGAGTGGCATGCCACG,1
AGATCTGGTCTCTTTA,2
AGATCTGTCTGTACGA,3
AGCATACGTTACGTCA,0
AGCGGTCAGTATCTCG,0
AGCTCCTCACTAGTAC,5
AGCTCTCTCCCAAGTA,1
AGCTTGAAGGGATGGG,3
AGGCCACAGCGCTCCA,3
AGGCCACGTATCGCAT,0
AGGTCATGTATTCGTG,0
AGGTCATGTCAGTGGA,1
AGGTCATGTTACGACT,0
AGTCTTTCAGTGGGAT,2
AGTGAGGCACATTCGA,2
AGTGTCAAGCCACCTG,0
AGTGTCACACATGGGA,1
AGTTGGTCAGTTAACC,1
AGTTGGTGTATCAGTC,1
ATAAGAGAGTACGCGA,0
ATAAGAGGTGTGCCTG,0
ATAGACCTCTCACATT,0
ATCACGATCAACACCA,0
ATCCACCAGAAACCTA,2
ATCCGAATCAAACCGT,1
ATCGAGTAGGGTGTTG,3
ATCGAGTGTCGAACAG,0
ATCTACTAGTGGACGT,1
ATCTACTGTTGAGTTC,0
ATGAGGGTCTACTTAC,1
ATGCGATGTCGCATAT,1
ATGTGTGTCGGCCGAT,1
ATTATCCGTCTTCGTC,0
ATTTCTGTCTAGAGTC,1
CAACCAACAAGAAGAG,4
CAACCAACAGCTATTG,0
CAACTAGCACATAACC,3
CAACTAGGTTAGATGA,2
CAACTAGTCCTGTACC,2
CAAGAAAAGAGAGCTC,1
CAAGATCTCACGCGGT,1
CAAGTTGAGATCTGAA,2
CAAGTTGCAATCTGCA,3
CACACAAAGCCCTAAT,3
CACACTCAGTGGACGT,5
CACATAGAGGGATACC,1
CACATAGGTCTCTTTA,1
CACATTTTCTGTCAAG,0
CACTCCATCCGCAGTG,2
CAGAATCAGCTCCTCT,4
CAGAGAGCACCTTGTC,0
CAGATCAGTACGCACC,0
CAGCAGCAGACTAGAT,1
CAGCGACCAAACGCGA,0
CAGTAACAGTGGTAAT,3
CAGTCCTGTGAGCGAT,0
CATATTCAGACGCTTT,3
CATCCACCAATACGCT,3
CATCGAAAGGCTCTTA,1
CATCGAATCAACGGGA,1
CATCGGGCAGCTGTAT,0
CATCGGGCATAAAGGT,0
CATCGGGGTTGTACAC,0
CATGACATCCACGTGG,1
CATGGCGCACCCATGG,0
CATTCGCCATTTCACT,1
CCAATCCCACTACAGT,3
CCACCTATCAGCATGT,2
CCACGGAAGGCCCGTT,2
CCCAATCCAGGTGGAT,2
CCCAATCTCATCTGCC,1
CCCAGTTCATCGTCGG,2
CCCATACGTAGCTAAA,0
CCCTCCTTCAAACAAG,2
CCGTACTCATCGGGTC,0
CCGTGGAAGTAACCCT,0
CCTAAAGGTTCGTCTC,0
CCTACCAGTAGGGTAC,2
CCTACCATCGCTTGTC,0
CCTCAGTCAGCAGTTT,0
CCTCTGAAGAAGATTC,0
CCTTACGGTTCATGGT,1
CGAATGTAGAGCTGCA,3
CGACTTCGTAGTACCT,1
CGAGAAGAGCGATAGC,1
CGAGAAGGTTGCGTTA,2
CGAGAAGTCTAGCACA,0
CGATGGCGTACTTCTT,4
CGATGGCTCTCGTATT,5
CGATGTATCCCTTGTG,3
CGATGTATCGAGAACG,0
CGCCAAGTCCTAGAAC,1
CGCGGTACAGCCTTGG,3
CGCGTTTGTTCCACAA,2
CGCGTTTGTTCGTTGA,5
CGCTATCCACTGCCAG,0
CGCTGGATCTGCGACG,1
CGCTTCAAGATCCCAT,1
CGCTTCATCCGAATGT,1
CGGACACAGGCTACGA,3
CGGACACAGTAGGCCA,0
CGGACGTAGCTTTGGT,1
CGGACTGAGCAGCCTC,1
CGGACTGGTCCGTCAG,1
CGGAGCTCACGACGAA,1
CGGAGCTTCCTGCAGG,0
CGGAGTCCAGACACTT,0
CGGGTCATCAGGATCT,1
CGGGTCATCCCAGGTG,2
CGGGTCATCTGCGTAA,0
CGGTTAATCTGTCCGT,3
CGTCACTGTAACGCGA,0
CGTCAGGTCGGCTTGG,1
CGTCCATAGACAATAC,0
CGTCCATCAGCTCGAC,2
CGTCTACCAAATCCGT,1
CGTGAGCAGGGCATGT,0
CGTGTCTAGCGATAGC,1
CTAAGACGTACATCCA,0
CTAAGACGTTGACGTT,2
CTAATGGGTACAGTGG,0
CTACATTAGTATTGGA,2
CTAGCCTGTTCGCGAC,0
CTAGTGATCTCCCTGA,0
CTCAGAACACCCTATC,0
CTCGAGGGTCGCATCG,1
CTCGGAGTCATCACCC,0
CTCGGAGTCCTCTAGC,2
CTCGTCAGTGGTCTCG,1
CTCTAATAGGGTCGAT,3
CTCTACGAGTGGAGAA,0
CTCTGGTGTTCCCGAG,0
CTGAAACTCCGAATGT,1
CTGAAGTGTAGAGCTG,3
CTGATCCCAAGCCCAC,0
CTGTTTAGTTAAAGTG,0
CTTACCGAGTCCATAC,0
CTTACCGGTCCATCCT,1
CTTACCGTCTTGCAAG,2
GAACGGAGTGCGAAAC,4
GAAGCAGTCACTATTC,0
GAAGCAGTCGAATCCA,0
GAATAAGTCCCATTAT,1
GAATGAATCGAATGCT,2
GACAGAGGTGCACGAA,0
GACCTGGTCATAACCG,3
GACGTTAAGTGTACCT,0
GACTACACAAGCTGAG,0
GACTGCGGTGCAACTT,0
GATCAGTAGTCTCCTC,1
GATCGATCACATGGGA,3
GATCGCGAGGGCTCTC,0
GATCTAGTCTTTACAC,5
GATGAAAAGACGACGT,2
GATTCAGCACAGCGTC,1
GCAAACTGTCAGAGGT,1
GCAAACTGTTTCCACC,0
GCACTCTGTAAACCTC,0
GCAGTTAAGTATTGGA,1
GCAGTTATCGCACTCT,0
GCATGTACACCTCGTT,3
GCCAAATAGATATACG,4
GCCTCTATCAAGAAGT,0
GCGACCAAGTGACATA,3
GCGCGATGTGCTGTAT,3
GCGCGATTCTTGCATT,1
GCTCCTAGTCTAAAGA,1
GCTCTGTAGTCGTTTG,0
GCTCTGTGTCTAAAGA,0
GCTGCAGAGCCCTAAT,1
GCTGCAGTCAACGGGA,0
GCTGCAGTCGTTTGCC,1
GCTGCAGTCTGCGACG,3
GCTGCGAAGAACAACT,4
GCTGCGAGTAAACGCG,1
GCTGCGATCGAATGCT,1
GCTGCTTCAGCTGTAT,1
GCTGCTTGTCCGAAGA,0
GCTGCTTTCCAATGGT,1
GCTGGGTCAATGAATG,3
GGAACTTTCTGAGTGT,2
GGACGTCAGGGTGTTG,4
GGAGCAATCTGTCAAG,0
GGATGTTAGTGTACGG,0
GGATGTTTCGTGGTCG,2
GGATTACAGAGGACGG,2
GGATTACGTGCCTGTG,3
GGCAATTGTAAATACG,0
GGCCGATCAAGGACTG,0
GGCGACTCAGTATAAG,2
GGCGTGTCAATCCAAC,4
GGCTCGATCACATACG,0
GGCTGGTCAGGGCATA,0
GGGACCTCACTCTGTC,0
GGGACCTGTTATCGGT,2
GGGATGATCCGAAGAG,2
GGGCATCGTACCCAAT,2
GGTATTGGTCGGCACT,1
GGTGAAGTCGACCAGC,0
GGTGCGTGTATATCCG,1
GGTGTTAAGCTAGTGG,3
GGTGTTATCAGTGCAT,1
GTAACGTAGCTAACAA,4
GTAACGTGTCTTGTCC,1
GTAACGTGTTGAGTTC,0
GTAACGTGTTTGCATG,1
GTAACTGGTAAGTTCC,1
GTAGGCCAGCTAACAA,1
GTAGGCCCAGCCTATA,0
GTAGGCCTCAACGGGA,0
GTCACAAGTTCCTCCA,0
GTCATTTAGTGTGAAT,0
GTCATTTTCACCGTAA,0
GTCATTTTCCCAACGG,1
GTCCTCACATTCTCAT,1
GTCCTCATCTGTCCGT,3
GTCGTAAAGCTGATAA,1
GTCGTAATCTTTAGTC,2
GTGCAGCGTTGGAGGT,3
GTGCATACATGGTCTA,1
GTGCTTCCACATAACC,3
GTGGGTCCAAGCTGAG,1
GTGGGTCTCCAGAGGA,1
GTGTTAGAGCTGCAAG,0
GTGTTAGCAACTGCTA,0
GTTAAGCTCAAGGTAA,1
GTTCATTAGAGTCTGG,1
GTTCTCGAGGCATGTG,0
GTTCTCGAGTACGTTC,2
GTTCTCGGTCTAGCGC,0
TAAGAGATCCCGGATG,0
TACCTATAGCGAGAAA,1
TACCTTAGTCCAACTA,1
TACCTTATCGTGGGAA,3
TACGGATAGGCAATTA,0
TACGGTACAAGTTCTG,1
TACTCATTCAAGGTAA,1
TAGCCGGGTTCGTGAT,3
TAGGCATTCAAACCAC,0
TAGTTGGAGTGTTGAA,2
TAGTTGGGTAGTACCT,0
TAGTTGGTCACGAAGG,0
TATCTCACAAGGACAC,0
TATCTCACAATCACAC,2
TATTACCCACCGAAAG,2
TATTACCTCGTAGGTT,1
TCAACGATCTTTAGGG,0
TCACAAGAGTAGCGGT,2
TCAGCTCAGTCGCCGT,0
TCAGCTCGTGGACGAT,2
TCAGGATCACTGTGTA,0
TCATTACCACATCTTT,1
TCCCGATTCCATGAAC,1
TCGAGGCGTATGCTTG,1
TCGAGGCTCTGAGTGT,1
TCGCGAGGTTGGGACA,0
TCGGGACAGTCAAGGC,3
TCGGGACCATCACCCT,3
TCGGGACGTTCGGGCT,0
TCGTACCTCAACGCTA,1
TCGTACCTCTGTACGA,2
TCGTAGATCGCATGGC,4
TCTATTGCACTGAAGG,1
TCTGGAATCGAGCCCA,0
TCTTCGGGTAGGACAC,3
TCTTTCCGTCGCGTGT,4
TGACGGCGTAAGTAGT,1
TGACTTTCATTCTCAT,0
TGACTTTTCAAACCGT,0
TGAGCCGGTCGGCATC,1
TGAGGGAAGCGTGAAC,0
TGCACCTCAAGTTCTG,3
TGCACCTCAGCCTGTG,1
TGCCCATTCTGCTTGC,4
TGCCCTACATGGAATA,1
TGCGCAGCACTTCGAA,0
TGCGGGTCAGATGGGT,1
TGCGGGTCATCGACGC,5
TGCGGGTGTATGGTTC,1
TGCTGCTCATCGACGC,2
TGCTGCTGTAACGTTC,1
TGGACGCCACGGACAA,1
TGGACGCCAGCCAGAA,5
TGGACGCGTTACGACT,0
TGGACGCTCTGGCGTG,0
TGGCGCAGTAAGTAGT,5
TGGCTGGTCGAATGCT,1
TGGGAAGAGGCGCTCT,0
TGGTTAGCATGTCGAT,4
TGTATTCAGCGAAGGG,1
TGTCCCACAGCTGTTA,3
TGTCCCAGTCGCGTGT,0
TGTGGTAGTTCCAACA,0
TGTGTTTCATTACGAC,2
TTAGGCAGTACTCGCG,0
TTAGTTCGTCTTCTCG,0
TTAGTTCTCTCTGCTG,0
TTCCCAGCATAAGACA,4
TTCCCAGGTTGTTTGG,0
TTCGGTCAGACAATAC,1
TTCGGTCTCAGCTCTC,3
TTCTACAAGAGCAATT,0
TTCTTAGGTTTGGGCC,1
TTCTTAGTCATGGTCA,0
TTGCCGTAGCTATGCT,1
TTGCCGTGTTGCGCAC,2
TTGCGTCAGCAGATCG,2
TTGGAACAGTTGCAGG,1
TTGGCAAAGTGGTAAT,5
TTTACTGCAGACGCTC,1
TTTGCGCAGGACAGCT,0
TTTGGTTCAGACTCGC,3
TTTGTCAAGTGGAGAA,3
TTTGTCAGTCGATTGT,0
