gene,cluster,rank
TRBV12-5,1,1
TRBV30,1,2
TRBV10-3,1,3
TRAV25,1,4
TRAV12-3,1,5
TRBV25-1,1,6
TRAV13-2,1,7
TRAV17,1,8
MAP1A,1,9
TRAV9-2,1,10
TRAV2,1,11
TRAV20,1,12
TRAV1-1,1,13
TRAV3,1,14
KLRB1,1,15
LMNA,1,16
TRBV12-3,1,17
TRAV8-6,1,18
TRBV7-2,1,19
TRBV10-2,1,20
TRAV12-2,1,21
TRAV13-1,1,22
TRAV10,1,23
ANXA2,1,24
TRAV40,1,25
TRAV41,1,26
LGALS3,1,27
TRBV6-1,1,28
TRBV23-1,1,29
TRAV14DV4,1,30
TRBV6-4,1,31
TRAV1-2,1,32
TRAV23DV6,1,33
TRBV10-1,1,34
TRBV24-1,1,35
TRAV27,1,36
TRBV27,1,37
TNF,1,38
TRAV30,1,39
HIST1H1B,1,40
TRAV16,1,41
TRBV3-1,1,42
TRBV2,1,43
TRAV39,1,44
TRAV36DV7,1,45
CRIP1,1,46
TRAV8-4,1,47
TRAV26-2,1,48
TRAV8-3,1,49
TRAV6,1,50
TRBV29-1,1,51
TRGV5,1,52
TRBV6-6,1,53
TRBV12-4,1,54
FOXP3,1,55
TRAV38-1,1,56
S100A11,1,57
TRAV5,1,58
TRAV21,1,59
TRBV21-1,1,60
TRBV7-3,1,61
LGALS1,1,62
TRAV38-2DV8,1,63
S100A4,1,64
TRAV4,1,65
TRAV12-1,1,66
TRAV26-1,1,67
TRAV29DV5,1,68
TRBV18,1,69
TRAV35,1,70
TRBV7-7,1,71
TRAV19,1,72
CLU,1,73
TRBV11-2,1,74
TRBV19,1,75
G0S2,1,76
TRBV9,1,77
TRBV15,1,78
TRAV8-2,1,79
TRBV14,1,80
IGHV3-33,1,81
TRBV7-6,1,82
S100A10,1,83
TRBV6-2,1,84
TRBV4-2,1,85
TRBV5-4,1,86
CTSH,1,87
TRBV5-5,1,88
VIM,1,89
TXN,1,90
CAPG,1,91
MYOM2,1,92
TRBV13,1,93
TRBV28,1,94
TRBV20-1,1,95
TRBV5-1,1,96
HES4,1,97
IGLC1,1,98
TNFRSF1B,1,99
AL138963.4,1,100
GZMA,1,101
TRBV5-6,1,102
S100A6,1,103
IGHA1,1,104
TRBV6-5,1,105
PKIB,1,106
PTGDS,1,107
SCT,1,108
EGR1,1,109
NUSAP1,1,110
TYMP,1,111
RHOC,1,112
TRAV34,1,113
PLAUR,1,114
GAPDH,1,115
TRBV7-4,1,116
CCDC50,1,117
PPP1R14B,1,118
TRDV1,1,119
DUSP2,1,120
THBS1,1,121
TRDC,1,122
PCLAF,1,123
HOPX,1,124
GAS6,1,125
TSPO,1,126
HIST1H1E,1,127
TRBV7-9,1,128
TRAV8-1,1,129
PPP1R2C,1,130
COTL1,1,131
GZMK,1,132
IGLV3-9,1,133
MTRNR2L8,1,134
RGS18,1,135
APP,1,136
UGCG,1,137
MTRNR2L12,1,138
AP1S2,1,139
IGHV4-34,1,140
RMRP,1,141
CCL5,1,142
ITM2C,1,143
CDKN1A,1,144
CD79B,1,145
ACTB,1,146
FTH1,1,147
IGHV1-3,1,148
CKB,1,149
TPM2,1,150
IFITM3,1,151
ID2,1,152
KLRC2,1,153
IRF7,1,154
TRBV4-1,1,155
STXBP2,1,156
POU2F2,1,157
GABARAP,1,158
IGLV1-47,1,159
SAT1,1,160
AC004585.1,1,161
TKT,1,162
NEAT1,1,163
TSC22D1,1,164
IGHV3-7,1,165
MS4A6A,1,166
NPC2,1,167
IL2RB,1,168
TRDV2,1,169
GNLY,1,170
JAML,1,171
IGHV3-48,1,172
WARS,1,173
PYCARD,1,174
ACY3,1,175
IGHG1,1,176
IGLV2-14,1,177
FTL,1,178
GRN,1,179
NR4A1,1,180
AP003068.2,1,181
APLP2,1,182
IFIT3,1,183
BLK,1,184
AC020916.1,1,185
PRSS57,1,186
LST1,1,187
CUX1,1,188
CEBPD,1,189
CD302,1,190
CXCL16,1,191
PSAP,1,192
CTSS,1,193
TRGV8,1,194
CFP,1,195
RGS2,1,196
CMC1,1,197
CLEC10A,1,198
GSTP1,1,199
TKTL1,1,200
MAP3K7CL,1,201
S100B,1,202
NCF1,1,203
ZNF683,1,204
SERPINA1,1,205
IGHV5-51,1,206
FCGRT,1,207
RNF130,1,208
TNNT1,1,209
CST7,1,210
KLF4,1,211
PTPRS,1,212
CLIC3,1,213
HLA-DQB1,1,214
RALGPS2,1,215
CD74,1,216
IGLC3,1,217
PRF1,1,218
IGLV2-8,1,219
GNG11,1,220
STMN1,1,221
CDKN1C,1,222
LINC00926,1,223
NFE2,1,224
ENHO,1,225
IGLC2,1,226
ZNF385A,1,227
RETN,1,228
GPBAR1,1,229
HLA-DRB5,1,230
LRRC26,1,231
SIGLEC6,1,232
TRGV4,1,233
HLA-DPA1,1,234
LINC01857,1,235
C5AR1,1,236
HLA-DQA1,1,237
CTSW,1,238
IGHG2,1,239
SMIM25,1,240
LYZ,1,241
MZB1,1,242
NCF2,1,243
TRGV9,1,244
HLA-DQA2,1,245
CSF1R,1,246
IL3RA,1,247
LRRC25,1,248
PPP1R14A,1,249
SOX4,1,250
FCER1A,1,251
PLBD1,1,252
RHOB,1,253
MNDA,1,254
XCL1,1,255
HLA-DPB1,1,256
S100A9,1,257
PECAM1,1,258
IGKV4-1,1,259
NKG7,1,260
AIF1,1,261
IGKV1-5,1,262
CD79A,1,263
TGFBI,1,264
MS4A1,1,265
KLRC1,1,266
IGKV1-39,1,267
HLA-DMA,1,268
IGKV3-20,1,269
AFF3,1,270
IGHV1-18,1,271
SLC11A1,1,272
ALDH2,1,273
IGLV3-21,1,274
KLRD1,1,275
CFD,1,276
IGLV3-25,1,277
IFI30,1,278
IGLV3-1,1,279
IGKC,1,280
AC097375.1,1,281
IGHM,1,282
MPIG6B,1,283
IRF8,1,284
PLD4,1,285
HLA-DRA,1,286
S100A12,1,287
KLRF1,1,288
FGL2,1,289
LAMP5,1,290
NIBAN3,1,291
HLA-DRB1,1,292
RRM2,1,293
IGKV1-9,1,294
CD36,1,295
DERL3,1,296
DNASE1L3,1,297
CD8A,1,298
HLA-DMB,1,299
FGFBP2,1,300
SPON2,1,301
VPREB3,1,302
CD68,1,303
IGSF6,1,304
IGHD,1,305
CD8B,1,306
RNASE2,1,307
SPINK2,1,308
FCN1,1,309
MPEG1,1,310
MYL9,1,311
SPIB,1,312
CD24,1,313
TCF4,1,314
EGFL7,1,315
MS4A7,1,316
GSN,1,317
IGHV3-30,1,318
FCRLA,1,319
IGKV3-15,1,320
IGHA2,1,321
CPVL,1,322
S100A8,1,323
MAFB,1,324
CYBB,1,325
COCH,1,326
IGHV1-69D,1,327
TSPAN13,1,328
CSTA,1,329
LINC02446,1,330
VCAN,1,331
GZMB,1,332
JCHAIN,1,333
HMOX1,1,334
VMO1,1,335
CST3,1,336
SLC7A7,1,337
LGALS2,1,338
C19orf38,1,339
FCER2,1,340
SCGB3A1,1,341
MSLN,1,342
CAVIN2,1,343
IGLV3-10,1,344
CSF3R,1,345
SPARC,1,346
IL1B,1,347
LYN,1,348
LILRA5,1,349
PILRA,1,350
IGLV1-51,1,351
BANK1,1,352
IGKV3-11,1,353
AC007381.1,1,354
LYPD2,1,355
EREG,1,356
FGR,1,357
NRGN,1,358
XCL2,1,359
SERPINF1,1,360
FAM30A,1,361
IGHV4-59,1,362
TYROBP,1,363
RBP7,1,364
LILRB1,1,365
CLEC4C,1,366
SPI1,1,367
CD19,1,368
F13A1,1,369
GZMH,1,370
IGLV1-44,1,371
LILRB2,1,372
C1QA,1,373
FCER1G,1,374
ADGRG1,1,375
SHD,1,376
FCGR3A,1,377
LILRA4,1,378
HCK,1,379
TNFAIP2,1,380
IGHV4-39,1,381
CCL4,1,382
CD14,1,383
CLEC7A,1,384
IGKV1D-39,1,385
IGLV1-40,1,386
CD1C,1,387
PTCRA,1,388
CCL3,1,389
LINC00996,1,390
CD22,1,391
IGHV1-2,1,392
PTGS1,1,393
IGHV3-21,1,394
TNFRSF21,1,395
C1QB,1,396
TCL1A,1,397
LINC01781,1,398
IGHV3-23,1,399
APOBEC3A,1,400
TRBV12-5,2,1
TRBV10-3,2,2
TRBV25-1,2,3
TRBV30,2,4
TRBV7-2,2,5
TRAV25,2,6
TRBV23-1,2,7
TRBV7-7,2,8
TRAV34,2,9
TRAV5,2,10
TRBV10-1,2,11
TRBV13,2,12
TRBV2,2,13
TRBV15,2,14
TRBV19,2,15
TRAV2,2,16
TRAV30,2,17
TRBV12-4,2,18
TRAV20,2,19
TRAV35,2,20
TRBV11-2,2,21
TRAV14DV4,2,22
TRBV12-3,2,23
TRAV13-2,2,24
TRAV9-2,2,25
TRAV23DV6,2,26
TRAV17,2,27
TRBV5-5,2,28
TRBV21-1,2,29
TRAV40,2,30
TRBV24-1,2,31
TRAV26-2,2,32
TRBV18,2,33
TRAV8-6,2,34
TRAV8-3,2,35
TRBV6-1,2,36
TRAV6,2,37
TRAV13-1,2,38
TRAV8-4,2,39
PKIB,2,40
TRAV27,2,41
TRAV12-3,2,42
TRAV8-1,2,43
TRBV7-3,2,44
TRAV12-2,2,45
TRBV27,2,46
TRBV3-1,2,47
TRAV26-1,2,48
TRAV29DV5,2,49
TRAV21,2,50
TRAV10,2,51
TRAV38-1,2,52
TRBV6-5,2,53
TRBV7-4,2,54
TRAV8-2,2,55
TRBV4-2,2,56
TRAV4,2,57
S100B,2,58
TRAV12-1,2,59
TRBV6-4,2,60
STMN1,2,61
FOXP3,2,62
TRBV14,2,63
TRBV7-6,2,64
HES4,2,65
APP,2,66
TRAV1-1,2,67
TRAV16,2,68
SOX4,2,69
TRAV3,2,70
TRAV39,2,71
TRBV10-2,2,72
TRAV1-2,2,73
TRBV28,2,74
TRAV41,2,75
TRDV1,2,76
TRBV6-6,2,77
TRAV19,2,78
LINC02446,2,79
AL138963.4,2,80
MTRNR2L12,2,81
LRRC26,2,82
MTRNR2L8,2,83
TRBV5-1,2,84
CD8B,2,85
TRAV38-2DV8,2,86
SPINK2,2,87
AFF3,2,88
TRBV7-9,2,89
VIM,2,90
FCGRT,2,91
PECAM1,2,92
AIF1,2,93
TRBV5-4,2,94
EGR1,2,95
PPP1R2C,2,96
CFP,2,97
ITM2C,2,98
TRAV36DV7,2,99
TRDV2,2,100
HIST1H1E,2,101
TSPO,2,102
TRBV29-1,2,103
TRBV20-1,2,104
ACTB,2,105
RALGPS2,2,106
TKT,2,107
IRF7,2,108
TPM2,2,109
GAPDH,2,110
TRDC,2,111
KLRB1,2,112
TRBV9,2,113
GABARAP,2,114
MAP3K7CL,2,115
TRBV5-6,2,116
RHOB,2,117
UGCG,2,118
RMRP,2,119
COTL1,2,120
IFIT3,2,121
CUX1,2,122
AP003068.2,2,123
FTH1,2,124
NCF1,2,125
FTL,2,126
NPC2,2,127
TSC22D1,2,128
POU2F2,2,129
NEAT1,2,130
CRIP1,2,131
TXN,2,132
PCLAF,2,133
TKTL1,2,134
CKB,2,135
S100A6,2,136
PSAP,2,137
PTPRS,2,138
TRBV6-2,2,139
STXBP2,2,140
IGLV2-8,2,141
S100A10,2,142
IGLV1-40,2,143
TNF,2,144
JAML,2,145
CD8A,2,146
IFITM3,2,147
AP1S2,2,148
CSF3R,2,149
SAT1,2,150
FCER1A,2,151
DUSP2,2,152
CD79B,2,153
ID2,2,154
NR4A1,2,155
DNASE1L3,2,156
CFD,2,157
CD14,2,158
PYCARD,2,159
IGKV3-11,2,160
SLC11A1,2,161
LINC01781,2,162
IGHV1-3,2,163
CTSS,2,164
VMO1,2,165
CLEC10A,2,166
HIST1H1B,2,167
IGLC3,2,168
RETN,2,169
IGHV4-39,2,170
AC007381.1,2,171
CXCL16,2,172
GRN,2,173
GSTP1,2,174
WARS,2,175
SERPINF1,2,176
IGLC2,2,177
CD79A,2,178
PPP1R14B,2,179
APLP2,2,180
CDKN1C,2,181
CMC1,2,182
RGS2,2,183
TRGV5,2,184
LST1,2,185
IGHV4-34,2,186
RNF130,2,187
S100A11,2,188
G0S2,2,189
TNFRSF1B,2,190
EGFL7,2,191
S100A4,2,192
TRGV4,2,193
GNG11,2,194
CTSH,2,195
CCDC50,2,196
HLA-DMA,2,197
MYOM2,2,198
IGKV3-20,2,199
ALDH2,2,200
MAP1A,2,201
LINC01857,2,202
AC097375.1,2,203
SPON2,2,204
IGLC1,2,205
IGHV3-7,2,206
IGKV3-15,2,207
TNNT1,2,208
ACY3,2,209
S100A8,2,210
ENHO,2,211
IGHV3-48,2,212
TYMP,2,213
IGHV3-30,2,214
SCT,2,215
HMOX1,2,216
CYBB,2,217
IL2RB,2,218
CDKN1A,2,219
IGHM,2,220
CTSW,2,221
TCL1A,2,222
IGKV4-1,2,223
S100A12,2,224
CD74,2,225
AC020916.1,2,226
TGFBI,2,227
BANK1,2,228
S100A9,2,229
IGHD,2,230
VCAN,2,231
FCER2,2,232
GAS6,2,233
LYZ,2,234
IGHA1,2,235
PRF1,2,236
HOPX,2,237
IGHV1-18,2,238
LINC00926,2,239
FCN1,2,240
IGLV3-9,2,241
GZMA,2,242
TNFRSF21,2,243
ZNF385A,2,244
MPIG6B,2,245
VPREB3,2,246
IGHG1,2,247
PLAUR,2,248
AC004585.1,2,249
IGLV1-51,2,250
TCF4,2,251
GZMK,2,252
IGLV3-25,2,253
IGHV5-51,2,254
CAPG,2,255
DERL3,2,256
SHD,2,257
CLU,2,258
LILRB1,2,259
IGLV3-10,2,260
LMNA,2,261
HLA-DPB1,2,262
IL1B,2,263
FAM30A,2,264
BLK,2,265
NUSAP1,2,266
C5AR1,2,267
HLA-DPA1,2,268
FGFBP2,2,269
HLA-DMB,2,270
CD68,2,271
IRF8,2,272
IGKV1-5,2,273
SPIB,2,274
NIBAN3,2,275
PRSS57,2,276
CD22,2,277
MAFB,2,278
CAVIN2,2,279
LGALS1,2,280
TNFAIP2,2,281
IGLV3-1,2,282
IGKC,2,283
IGHV1-69D,2,284
TRBV4-1,2,285
SMIM25,2,286
CCL5,2,287
SLC7A7,2,288
SERPINA1,2,289
IGHV3-33,2,290
MS4A6A,2,291
CD36,2,292
TSPAN13,2,293
CD1C,2,294
LRRC25,2,295
CPVL,2,296
PTGDS,2,297
IGLV1-44,2,298
IGSF6,2,299
GSN,2,300
IGLV3-21,2,301
CD302,2,302
IFI30,2,303
MZB1,2,304
IGKV1-39,2,305
COCH,2,306
THBS1,2,307
HLA-DQB1,2,308
IGLV1-47,2,309
GPBAR1,2,310
CD19,2,311
MNDA,2,312
TRGV9,2,313
EREG,2,314
FCRLA,2,315
C19orf38,2,316
RHOC,2,317
APOBEC3A,2,318
CST3,2,319
FGL2,2,320
ANXA2,2,321
LILRA5,2,322
CD24,2,323
CSF1R,2,324
MYL9,2,325
ZNF683,2,326
LYN,2,327
RBP7,2,328
LGALS2,2,329
IGHV3-23,2,330
RGS18,2,331
IGKV1-9,2,332
KLRC2,2,333
JCHAIN,2,334
NCF2,2,335
HLA-DQA2,2,336
IGHV1-2,2,337
TRGV8,2,338
HLA-DRA,2,339
MPEG1,2,340
LILRB2,2,341
F13A1,2,342
HLA-DRB1,2,343
SPARC,2,344
FCER1G,2,345
NRGN,2,346
PLD4,2,347
CST7,2,348
NFE2,2,349
PTCRA,2,350
HLA-DQA1,2,351
MS4A7,2,352
CLEC7A,2,353
MS4A1,2,354
PLBD1,2,355
HCK,2,356
CLIC3,2,357
GZMB,2,358
KLRF1,2,359
PILRA,2,360
LGALS3,2,361
HLA-DRB5,2,362
IGHV4-59,2,363
KLRC1,2,364
NKG7,2,365
PPP1R14A,2,366
KLF4,2,367
IGHV3-21,2,368
SPI1,2,369
CLEC4C,2,370
CEBPD,2,371
FGR,2,372
XCL2,2,373
RRM2,2,374
SIGLEC6,2,375
LILRA4,2,376
SCGB3A1,2,377
RNASE2,2,378
KLRD1,2,379
ADGRG1,2,380
IGHG2,2,381
CSTA,2,382
LAMP5,2,383
IL3RA,2,384
MSLN,2,385
IGLV2-14,2,386
GNLY,2,387
FCGR3A,2,388
LINC00996,2,389
PTGS1,2,390
IGHA2,2,391
TYROBP,2,392
CCL4,2,393
GZMH,2,394
XCL1,2,395
IGKV1D-39,2,396
CCL3,2,397
C1QA,2,398
LYPD2,2,399
C1QB,2,400
GNLY,3,1
GZMH,3,2
KLRF1,3,3
FCGR3A,3,4
ADGRG1,3,5
GZMB,3,6
NKG7,3,7
CCL3,3,8
KLRD1,3,9
XCL2,3,10
CCL4,3,11
XCL1,3,12
FGFBP2,3,13
KLRC1,3,14
CLIC3,3,15
CST7,3,16
PRF1,3,17
SPON2,3,18
LINC00996,3,19
PTGDS,3,20
MYOM2,3,21
TYROBP,3,22
PTGS1,3,23
KLRC2,3,24
C1QB,3,25
PRSS57,3,26
FGR,3,27
TRDC,3,28
THBS1,3,29
GZMA,3,30
GSN,3,31
SPARC,3,32
CCL5,3,33
FCER1G,3,34
MPIG6B,3,35
HOPX,3,36
RRM2,3,37
IL2RB,3,38
CTSW,3,39
TRDV2,3,40
TKTL1,3,41
ZNF683,3,42
SCGB3A1,3,43
MYL9,3,44
LYN,3,45
TRGV9,3,46
RHOC,3,47
TSPAN13,3,48
IGHV3-23,3,49
PTCRA,3,50
CEBPD,3,51
IGHV1-2,3,52
LYPD2,3,53
CAVIN2,3,54
CMC1,3,55
IGLV2-14,3,56
IGHV4-59,3,57
CLEC4C,3,58
C1QA,3,59
IGHA2,3,60
IGHV3-21,3,61
TRGV8,3,62
AP003068.2,3,63
NRGN,3,64
RNASE2,3,65
FAM30A,3,66
TRGV4,3,67
FGL2,3,68
KLRB1,3,69
LILRA4,3,70
IGKV1D-39,3,71
F13A1,3,72
IRF8,3,73
MZB1,3,74
NUSAP1,3,75
PPP1R14A,3,76
IGKV3-15,3,77
NFE2,3,78
CSTA,3,79
LILRB1,3,80
C19orf38,3,81
TCL1A,3,82
LAMP5,3,83
JCHAIN,3,84
LGALS2,3,85
SPINK2,3,86
IGHM,3,87
LRRC25,3,88
GZMK,3,89
IGLV3-21,3,90
FCER2,3,91
IFITM3,3,92
AC004585.1,3,93
LILRB2,3,94
RGS18,3,95
IGHV1-69D,3,96
HLA-DQA1,3,97
BLK,3,98
MPEG1,3,99
PILRA,3,100
TCF4,3,101
MAFB,3,102
CDKN1C,3,103
MS4A7,3,104
NCF2,3,105
IL3RA,3,106
CLEC7A,3,107
CD8A,3,108
VMO1,3,109
MSLN,3,110
NIBAN3,3,111
SLC7A7,3,112
SHD,3,113
GSTP1,3,114
LMNA,3,115
KLF4,3,116
SPIB,3,117
ANXA2,3,118
HLA-DQA2,3,119
HCK,3,120
IGKV1-5,3,121
CD68,3,122
CD1C,3,123
LILRA5,3,124
CPVL,3,125
ID2,3,126
IGHD,3,127
CST3,3,128
LGALS1,3,129
FCRLA,3,130
TNFRSF1B,3,131
CD24,3,132
IGKV1-9,3,133
SIGLEC6,3,134
AC007381.1,3,135
CD19,3,136
LINC01857,3,137
HLA-DMB,3,138
SPI1,3,139
HMOX1,3,140
EREG,3,141
IGLV3-1,3,142
CD22,3,143
PPP1R14B,3,144
APLP2,3,145
TNFAIP2,3,146
HLA-DRB1,3,147
PYCARD,3,148
DUSP2,3,149
IFIT3,3,150
TRBV4-1,3,151
CDKN1A,3,152
HLA-DQB1,3,153
EGFL7,3,154
CSF3R,3,155
AC020916.1,3,156
IGLV1-44,3,157
SMIM25,3,158
CCDC50,3,159
S100A9,3,160
GNG11,3,161
PCLAF,3,162
IL1B,3,163
TSC22D1,3,164
AFF3,3,165
HLA-DRB5,3,166
S100A8,3,167
LINC01781,3,168
COCH,3,169
MS4A1,3,170
TNFRSF21,3,171
CD302,3,172
ACTB,3,173
HIST1H1B,3,174
DERL3,3,175
RNF130,3,176
BANK1,3,177
LGALS3,3,178
STMN1,3,179
GPBAR1,3,180
IGHV3-7,3,181
HIST1H1E,3,182
S100A4,3,183
HLA-DRA,3,184
TRBV29-1,3,185
IGLV3-9,3,186
IGLV3-10,3,187
IGLV1-51,3,188
IGHV3-30,3,189
HLA-DMA,3,190
CAPG,3,191
IGKV3-11,3,192
FCER1A,3,193
IGHG1,3,194
IGKV4-1,3,195
PLAUR,3,196
SCT,3,197
IGLC2,3,198
CD36,3,199
PPP1R2C,3,200
CKB,3,201
IFI30,3,202
LINC02446,3,203
TRBV10-1,3,204
CD79B,3,205
VPREB3,3,206
TRBV13,3,207
NEAT1,3,208
RHOB,3,209
ALDH2,3,210
LINC00926,3,211
PSAP,3,212
MNDA,3,213
IGHA1,3,214
CD79A,3,215
RGS2,3,216
APOBEC3A,3,217
IGKC,3,218
VCAN,3,219
HLA-DPA1,3,220
HLA-DPB1,3,221
RBP7,3,222
MAP3K7CL,3,223
CUX1,3,224
CLU,3,225
S100A11,3,226
UGCG,3,227
STXBP2,3,228
RALGPS2,3,229
WARS,3,230
RMRP,3,231
S100A12,3,232
PLBD1,3,233
MS4A6A,3,234
TPM2,3,235
MTRNR2L8,3,236
IRF7,3,237
CD74,3,238
IGSF6,3,239
CD14,3,240
IGLV3-25,3,241
C5AR1,3,242
MTRNR2L12,3,243
SAT1,3,244
TXN,3,245
TNF,3,246
IGHG2,3,247
TRDV1,3,248
TRBV7-9,3,249
GAPDH,3,250
LYZ,3,251
CSF1R,3,252
IGLC3,3,253
TYMP,3,254
JAML,3,255
EGR1,3,256
NPC2,3,257
CTSS,3,258
CYBB,3,259
ACY3,3,260
TRBV24-1,3,261
GABARAP,3,262
ITM2C,3,263
CRIP1,3,264
LRRC26,3,265
LST1,3,266
TGFBI,3,267
TSPO,3,268
IGKV1-39,3,269
GRN,3,270
TRBV6-1,3,271
TRBV14,3,272
PECAM1,3,273
TRGV5,3,274
AL138963.4,3,275
DNASE1L3,3,276
SERPINA1,3,277
TNNT1,3,278
TKT,3,279
FTL,3,280
FOXP3,3,281
NR4A1,3,282
CXCL16,3,283
S100A10,3,284
AP1S2,3,285
G0S2,3,286
S100A6,3,287
CLEC10A,3,288
CD8B,3,289
CFD,3,290
IGLV2-8,3,291
POU2F2,3,292
AC097375.1,3,293
TRBV6-5,3,294
PTPRS,3,295
TRAV26-1,3,296
FTH1,3,297
SOX4,3,298
TRBV10-3,3,299
ENHO,3,300
CTSH,3,301
TRBV11-2,3,302
IGHV3-33,3,303
IGHV4-39,3,304
IGKV3-20,3,305
PLD4,3,306
FCN1,3,307
TRBV19,3,308
AIF1,3,309
TRAV8-1,3,310
APP,3,311
TRAV12-2,3,312
PKIB,3,313
TRBV27,3,314
NCF1,3,315
TRAV36DV7,3,316
SERPINF1,3,317
TRBV7-7,3,318
SLC11A1,3,319
TRBV9,3,320
TRAV4,3,321
TRAV12-3,3,322
TRAV16,3,323
GAS6,3,324
TRAV38-2DV8,3,325
COTL1,3,326
TRBV4-2,3,327
IGLC1,3,328
TRAV21,3,329
IGLV1-40,3,330
TRAV20,3,331
IGLV1-47,3,332
RETN,3,333
TRBV6-4,3,334
IGHV4-34,3,335
TRAV6,3,336
CFP,3,337
TRAV12-1,3,338
TRBV25-1,3,339
TRAV26-2,3,340
TRBV30,3,341
TRBV7-4,3,342
TRBV5-1,3,343
IGHV3-48,3,344
FCGRT,3,345
MAP1A,3,346
IGHV5-51,3,347
TRBV12-4,3,348
TRBV6-2,3,349
VIM,3,350
HES4,3,351
TRAV10,3,352
TRBV23-1,3,353
TRAV29DV5,3,354
TRAV1-1,3,355
ZNF385A,3,356
TRBV5-4,3,357
TRAV19,3,358
TRAV1-2,3,359
TRAV2,3,360
TRBV6-6,3,361
TRBV7-6,3,362
TRBV5-5,3,363
TRAV3,3,364
TRAV23DV6,3,365
TRAV40,3,366
TRBV20-1,3,367
TRAV5,3,368
TRAV9-2,3,369
TRAV39,3,370
TRAV34,3,371
TRBV5-6,3,372
TRBV7-2,3,373
TRBV3-1,3,374
TRBV18,3,375
TRBV10-2,3,376
TRBV2,3,377
TRAV30,3,378
TRAV14DV4,3,379
TRAV8-3,3,380
TRAV35,3,381
S100B,3,382
TRBV28,3,383
TRAV27,3,384
TRAV13-1,3,385
TRBV12-3,3,386
IGHV1-3,3,387
TRAV8-4,3,388
TRAV8-2,3,389
IGHV1-18,3,390
TRAV13-2,3,391
TRAV38-1,3,392
TRAV8-6,3,393
TRBV21-1,3,394
TRAV41,3,395
TRBV15,3,396
TRBV7-3,3,397
TRAV17,3,398
TRAV25,3,399
TRBV12-5,3,400
TNNT1,4,1
RBP7,4,2
RNASE2,4,3
C1QA,4,4
F13A1,4,5
EREG,4,6
APOBEC3A,4,7
S100A8,4,8
CD14,4,9
LYPD2,4,10
VCAN,4,11
PLBD1,4,12
IL1B,4,13
CLEC7A,4,14
S100A12,4,15
FCN1,4,16
C1QB,4,17
SPI1,4,18
CAVIN2,4,19
TNFAIP2,4,20
LYZ,4,21
CLEC10A,4,22
CSTA,4,23
HCK,4,24
S100A9,4,25
LGALS2,4,26
CST3,4,27
CSF3R,4,28
ENHO,4,29
MS4A6A,4,30
SHD,4,31
CD36,4,32
PILRA,4,33
NFE2,4,34
LILRB2,4,35
IFI30,4,36
C5AR1,4,37
PTGS1,4,38
LILRA5,4,39
IGSF6,4,40
G0S2,4,41
FGL2,4,42
CYBB,4,43
KLF4,4,44
CPVL,4,45
SERPINA1,4,46
SPARC,4,47
MNDA,4,48
NRGN,4,49
ZNF385A,4,50
MPEG1,4,51
NCF2,4,52
MS4A7,4,53
RETN,4,54
CSF1R,4,55
TYROBP,4,56
IGHG2,4,57
GPBAR1,4,58
ALDH2,4,59
MSLN,4,60
SLC7A7,4,61
CD68,4,62
COCH,4,63
MAFB,4,64
CD302,4,65
LAMP5,4,66
TGFBI,4,67
CCL3,4,68
SCGB3A1,4,69
IGHA2,4,70
C19orf38,4,71
LINC00996,4,72
SMIM25,4,73
SLC11A1,4,74
LILRA4,4,75
CEBPD,4,76
LRRC25,4,77
LILRB1,4,78
PTCRA,4,79
CFD,4,80
HLA-DRA,4,81
PLAUR,4,82
IGHV1-18,4,83
FGR,4,84
HMOX1,4,85
RRM2,4,86
FCER1A,4,87
PLD4,4,88
PRSS57,4,89
THBS1,4,90
HLA-DRB1,4,91
CD1C,4,92
AC020916.1,4,93
RGS18,4,94
EGFL7,4,95
IGLV1-44,4,96
IGKV3-20,4,97
PPP1R14A,4,98
CCL4,4,99
TYMP,4,100
AC097375.1,4,101
LST1,4,102
SIGLEC6,4,103
HES4,4,104
CLEC4C,4,105
LGALS3,4,106
HLA-DRB5,4,107
CFP,4,108
IGKV1-9,4,109
LYN,4,110
FCER1G,4,111
IGLV1-47,4,112
IGHV4-39,4,113
TNFRSF21,4,114
CD22,4,115
DNASE1L3,4,116
LGALS1,4,117
HLA-DMB,4,118
IGLV3-25,4,119
IGHV5-51,4,120
CDKN1A,4,121
IGHV1-2,4,122
JCHAIN,4,123
CLU,4,124
IGKV3-11,4,125
GRN,4,126
IL3RA,4,127
AIF1,4,128
CTSS,4,129
APLP2,4,130
IGKV1D-39,4,131
HLA-DQA1,4,132
SERPINF1,4,133
GSN,4,134
RNF130,4,135
LINC01781,4,136
HLA-DQA2,4,137
FCGRT,4,138
TSPAN13,4,139
RGS2,4,140
ADGRG1,4,141
CAPG,4,142
HLA-DMA,4,143
CTSH,4,144
NCF1,4,145
NEAT1,4,146
MYL9,4,147
IGLV1-51,4,148
HLA-DQB1,4,149
IRF8,4,150
IFIT3,4,151
HLA-DPA1,4,152
S100A6,4,153
S100A11,4,154
ANXA2,4,155
AP1S2,4,156
IGHV1-69D,4,157
CD19,4,158
PSAP,4,159
IGKV3-15,4,160
NUSAP1,4,161
IGKV4-1,4,162
IGHV3-21,4,163
HLA-DPB1,4,164
FCGR3A,4,165
TPM2,4,166
JAML,4,167
TKT,4,168
NR4A1,4,169
VPREB3,4,170
FTL,4,171
CXCL16,4,172
STXBP2,4,173
CDKN1C,4,174
BANK1,4,175
GSTP1,4,176
GNG11,4,177
MAP3K7CL,4,178
FTH1,4,179
PCLAF,4,180
FAM30A,4,181
IGLV1-40,4,182
PYCARD,4,183
TSPO,4,184
SAT1,4,185
IGLV3-21,4,186
LINC00926,4,187
CD74,4,188
IGKV1-5,4,189
TCL1A,4,190
CD24,4,191
LMNA,4,192
CKB,4,193
LINC01857,4,194
FCRLA,4,195
NPC2,4,196
WARS,4,197
GAS6,4,198
VMO1,4,199
TNFRSF1B,4,200
S100A4,4,201
IGKV1-39,4,202
MS4A1,4,203
GABARAP,4,204
IGLV3-1,4,205
SOX4,4,206
DERL3,4,207
MAP1A,4,208
RHOB,4,209
AC007381.1,4,210
TRBV7-7,4,211
IGLC2,4,212
POU2F2,4,213
COTL1,4,214
SCT,4,215
IGLV3-10,4,216
IGHD,4,217
PECAM1,4,218
IGKC,4,219
S100A10,4,220
IGHV1-3,4,221
MZB1,4,222
IGHM,4,223
IGHV3-23,4,224
PKIB,4,225
RHOC,4,226
TRAV41,4,227
CUX1,4,228
TRBV15,4,229
S100B,4,230
TRBV28,4,231
MPIG6B,4,232
GAPDH,4,233
IGHV3-30,4,234
LRRC26,4,235
IGHV4-34,4,236
GZMB,4,237
TRBV7-6,4,238
CCDC50,4,239
SPON2,4,240
TCF4,4,241
TXN,4,242
TRBV5-1,4,243
NIBAN3,4,244
IGHV3-48,4,245
IGHV4-59,4,246
AP003068.2,4,247
IGHA1,4,248
KLRF1,4,249
IGHG1,4,250
FCER2,4,251
VIM,4,252
TRBV18,4,253
ID2,4,254
SPIB,4,255
APP,4,256
TRAV8-4,4,257
GZMH,4,258
TSC22D1,4,259
TRAV40,4,260
AFF3,4,261
TRBV6-6,4,262
IGLC1,4,263
TRBV20-1,4,264
RMRP,4,265
IRF7,4,266
IGLV2-8,4,267
TRBV21-1,4,268
PPP1R14B,4,269
ACY3,4,270
IFITM3,4,271
TRBV12-5,4,272
TRBV10-1,4,273
IGHV3-7,4,274
BLK,4,275
ACTB,4,276
IGLC3,4,277
TRAV38-1,4,278
TRBV2,4,279
FOXP3,4,280
TRAV8-1,4,281
UGCG,4,282
XCL2,4,283
CRIP1,4,284
TRDV2,4,285
KLRD1,4,286
CD79B,4,287
TRBV5-5,4,288
TRAV27,4,289
PTPRS,4,290
TRAV38-2DV8,4,291
TRBV6-5,4,292
TRBV25-1,4,293
TRBV7-9,4,294
CLIC3,4,295
FGFBP2,4,296
IGHV3-33,4,297
TRBV7-2,4,298
TRAV6,4,299
TRBV12-3,4,300
LINC02446,4,301
TNF,4,302
CD79A,4,303
TRBV7-3,4,304
HIST1H1E,4,305
TRGV9,4,306
TRBV5-4,4,307
HIST1H1B,4,308
AL138963.4,4,309
TRBV10-3,4,310
RALGPS2,4,311
TRBV4-1,4,312
GNLY,4,313
TRBV14,4,314
TRAV34,4,315
SPINK2,4,316
TKTL1,4,317
STMN1,4,318
MTRNR2L12,4,319
IGLV3-9,4,320
PTGDS,4,321
TRBV11-2,4,322
TRAV19,4,323
TRBV7-4,4,324
AC004585.1,4,325
KLRC2,4,326
TRAV12-1,4,327
TRAV8-3,4,328
TRAV10,4,329
TRAV3,4,330
TRAV8-2,4,331
MTRNR2L8,4,332
TRBV6-2,4,333
TRBV12-4,4,334
TRBV19,4,335
TRAV16,4,336
CST7,4,337
CMC1,4,338
TRAV29DV5,4,339
CD8B,4,340
CTSW,4,341
IL2RB,4,342
KLRC1,4,343
DUSP2,4,344
TRAV8-6,4,345
TRAV12-3,4,346
IGLV2-14,4,347
CD8A,4,348
TRBV5-6,4,349
TRAV21,4,350
HOPX,4,351
TRGV5,4,352
TRGV8,4,353
TRBV30,4,354
XCL1,4,355
EGR1,4,356
ITM2C,4,357
TRDC,4,358
TRAV36DV7,4,359
TRDV1,4,360
ZNF683,4,361
NKG7,4,362
TRAV13-1,4,363
TRGV4,4,364
TRAV4,4,365
TRAV9-2,4,366
TRAV26-1,4,367
TRBV23-1,4,368
CCL5,4,369
TRBV3-1,4,370
PPP1R2C,4,371
PRF1,4,372
KLRB1,4,373
TRAV12-2,4,374
TRAV14DV4,4,375
TRAV25,4,376
TRAV26-2,4,377
TRBV4-2,4,378
TRAV5,4,379
MYOM2,4,380
GZMK,4,381
TRAV17,4,382
TRAV1-1,4,383
TRBV27,4,384
TRAV13-2,4,385
TRBV6-1,4,386
TRAV30,4,387
GZMA,4,388
TRAV1-2,4,389
TRBV9,4,390
TRBV13,4,391
TRAV23DV6,4,392
TRBV10-2,4,393
TRAV2,4,394
TRAV35,4,395
TRBV6-4,4,396
TRAV39,4,397
TRAV20,4,398
TRBV24-1,4,399
TRBV29-1,4,400
CD8B,5,1
LINC02446,5,2
S100B,5,3
CD8A,5,4
SERPINF1,5,5
TRBV13,5,6
TRBV24-1,5,7
TRBV5-6,5,8
TRAV1-2,5,9
TRBV12-5,5,10
TRAV14DV4,5,11
TRAV2,5,12
TRAV1-1,5,13
TRBV12-4,5,14
TRBV19,5,15
TRAV8-1,5,16
TRAV8-6,5,17
TRAV19,5,18
TRBV27,5,19
TRBV23-1,5,20
TRBV30,5,21
SPINK2,5,22
TRBV15,5,23
TRBV29-1,5,24
TRAV30,5,25
TRAV35,5,26
TRAV39,5,27
TRAV17,5,28
TRBV9,5,29
TRBV10-1,5,30
TRBV4-2,5,31
TRAV12-2,5,32
TRAV12-1,5,33
TRBV7-9,5,34
TRBV11-2,5,35
TRAV13-2,5,36
TRAV20,5,37
TRAV21,5,38
TNFRSF21,5,39
TRAV5,5,40
TRBV5-5,5,41
ZNF683,5,42
PPP1R2C,5,43
TRBV6-1,5,44
TRAV3,5,45
TRBV28,5,46
TRAV4,5,47
CTSW,5,48
TRBV21-1,5,49
TRAV34,5,50
TRBV10-2,5,51
TRBV6-6,5,52
APOBEC3A,5,53
RETN,5,54
TRBV7-6,5,55
TRBV12-3,5,56
PECAM1,5,57
TRAV6,5,58
TRDV1,5,59
TRAV10,5,60
TRAV23DV6,5,61
TRBV10-3,5,62
TRAV8-3,5,63
STMN1,5,64
IGLV3-10,5,65
TRBV7-3,5,66
TRGV8,5,67
TRAV13-1,5,68
TRAV8-2,5,69
LRRC26,5,70
TRBV14,5,71
TRAV40,5,72
TRAV29DV5,5,73
TRBV3-1,5,74
AIF1,5,75
TRBV4-1,5,76
TRBV2,5,77
TRAV25,5,78
TRBV7-7,5,79
TRBV6-2,5,80
TRAV8-4,5,81
CD79A,5,82
SOX4,5,83
PTPRS,5,84
PKIB,5,85
TRAV27,5,86
TRAV26-2,5,87
TRAV9-2,5,88
EGR1,5,89
TRBV6-5,5,90
TRBV7-2,5,91
RHOB,5,92
TRAV38-1,5,93
KLRC1,5,94
IGLV1-40,5,95
TRAV16,5,96
TRBV6-4,5,97
TRAV12-3,5,98
TRBV7-4,5,99
KLRC2,5,100
CCL5,5,101
FCER1G,5,102
CFD,5,103
AL138963.4,5,104
TRBV5-4,5,105
TRBV5-1,5,106
EGFL7,5,107
TRBV20-1,5,108
MTRNR2L8,5,109
RMRP,5,110
CXCL16,5,111
MTRNR2L12,5,112
TCL1A,5,113
TRAV38-2DV8,5,114
VIM,5,115
LINC01781,5,116
VMO1,5,117
ITM2C,5,118
ACTB,5,119
MPIG6B,5,120
GZMK,5,121
AC007381.1,5,122
XCL2,5,123
JAML,5,124
ACY3,5,125
TRGV4,5,126
ID2,5,127
APP,5,128
IGKC,5,129
TKT,5,130
TKTL1,5,131
FTL,5,132
DUSP2,5,133
RALGPS2,5,134
IRF7,5,135
TRGV9,5,136
FCGRT,5,137
HIST1H1E,5,138
NR4A1,5,139
GABARAP,5,140
TRBV18,5,141
IFITM3,5,142
COTL1,5,143
TRAV41,5,144
CUX1,5,145
UGCG,5,146
NCF1,5,147
TRAV26-1,5,148
S100A10,5,149
TSPO,5,150
SPON2,5,151
SLC11A1,5,152
KLRD1,5,153
XCL1,5,154
IGLV3-21,5,155
FGFBP2,5,156
AP1S2,5,157
IGHV4-39,5,158
GAPDH,5,159
STXBP2,5,160
MAP3K7CL,5,161
FTH1,5,162
NEAT1,5,163
RGS2,5,164
SPIB,5,165
GAS6,5,166
S100A6,5,167
CD14,5,168
SAT1,5,169
POU2F2,5,170
TNFAIP2,5,171
PSAP,5,172
CMC1,5,173
TRAV36DV7,5,174
IGLV1-51,5,175
WARS,5,176
CLIC3,5,177
FCN1,5,178
PPP1R14B,5,179
BANK1,5,180
TSC22D1,5,181
IL2RB,5,182
RRM2,5,183
NPC2,5,184
HLA-DPB1,5,185
GSTP1,5,186
NRGN,5,187
CFP,5,188
CLEC7A,5,189
TXN,5,190
IGLC2,5,191
TGFBI,5,192
RNF130,5,193
CTSS,5,194
GRN,5,195
HES4,5,196
HLA-DMB,5,197
GZMA,5,198
LST1,5,199
SCT,5,200
PRF1,5,201
IGHV3-23,5,202
PYCARD,5,203
HLA-DMA,5,204
FCRLA,5,205
IGHV3-30,5,206
IGHV1-3,5,207
HIST1H1B,5,208
TNF,5,209
DERL3,5,210
NIBAN3,5,211
TRDC,5,212
FCER2,5,213
CD19,5,214
PTGS1,5,215
TCF4,5,216
CKB,5,217
CRIP1,5,218
CST7,5,219
SLC7A7,5,220
IGLV2-14,5,221
FAM30A,5,222
S100A4,5,223
CD1C,5,224
DNASE1L3,5,225
PTCRA,5,226
IGLC3,5,227
GNG11,5,228
NKG7,5,229
MYL9,5,230
GZMH,5,231
FOXP3,5,232
AC004585.1,5,233
HLA-DPA1,5,234
CSF1R,5,235
MSLN,5,236
VCAN,5,237
CD68,5,238
IGHD,5,239
AFF3,5,240
CD74,5,241
CD79B,5,242
PILRA,5,243
S100A8,5,244
ENHO,5,245
AC097375.1,5,246
CSTA,5,247
TRBV25-1,5,248
CSF3R,5,249
TRGV5,5,250
PCLAF,5,251
MS4A1,5,252
TYMP,5,253
IGKV1D-39,5,254
TPM2,5,255
COCH,5,256
CD22,5,257
GPBAR1,5,258
MZB1,5,259
AC020916.1,5,260
AP003068.2,5,261
IGHV4-34,5,262
IGLV2-8,5,263
APLP2,5,264
C19orf38,5,265
MAP1A,5,266
CST3,5,267
HOPX,5,268
CDKN1C,5,269
FCER1A,5,270
ZNF385A,5,271
IGHV5-51,5,272
BLK,5,273
IGLC1,5,274
LYZ,5,275
LILRA4,5,276
FCGR3A,5,277
IRF8,5,278
S100A12,5,279
IGSF6,5,280
IGHV4-59,5,281
HMOX1,5,282
MYOM2,5,283
MNDA,5,284
CCL4,5,285
CLEC4C,5,286
HLA-DQA2,5,287
G0S2,5,288
CPVL,5,289
LINC00926,5,290
S100A9,5,291
EREG,5,292
SMIM25,5,293
GZMB,5,294
C5AR1,5,295
CAVIN2,5,296
ALDH2,5,297
CYBB,5,298
KLRB1,5,299
TNFRSF1B,5,300
SHD,5,301
PLAUR,5,302
FGR,5,303
IGHM,5,304
HLA-DRB1,5,305
IL1B,5,306
IGLV3-9,5,307
LYN,5,308
SERPINA1,5,309
PTGDS,5,310
CLU,5,311
LGALS2,5,312
ADGRG1,5,313
CD36,5,314
NCF2,5,315
IGHV3-48,5,316
IFI30,5,317
IGHA1,5,318
LILRB2,5,319
FGL2,5,320
MAFB,5,321
MPEG1,5,322
HCK,5,323
TYROBP,5,324
IL3RA,5,325
S100A11,5,326
JCHAIN,5,327
LILRA5,5,328
CTSH,5,329
IGLV1-47,5,330
CD302,5,331
LILRB1,5,332
PLBD1,5,333
VPREB3,5,334
TSPAN13,5,335
GSN,5,336
LGALS1,5,337
RBP7,5,338
CCL3,5,339
SPI1,5,340
IGLV1-44,5,341
IGKV3-15,5,342
IGKV1-39,5,343
LINC01857,5,344
PLD4,5,345
HLA-DQB1,5,346
MS4A7,5,347
F13A1,5,348
HLA-DRB5,5,349
LMNA,5,350
LAMP5,5,351
HLA-DRA,5,352
SPARC,5,353
CCDC50,5,354
CD24,5,355
CAPG,5,356
CLEC10A,5,357
CDKN1A,5,358
SCGB3A1,5,359
IGKV3-11,5,360
LRRC25,5,361
IGLV3-1,5,362
RHOC,5,363
KLRF1,5,364
IGKV4-1,5,365
HLA-DQA1,5,366
IGHV3-21,5,367
LGALS3,5,368
IFIT3,5,369
LYPD2,5,370
RGS18,5,371
TRDV2,5,372
MS4A6A,5,373
GNLY,5,374
LINC00996,5,375
IGHV1-18,5,376
TNNT1,5,377
IGKV3-20,5,378
IGHV3-33,5,379
IGHG1,5,380
C1QA,5,381
PPP1R14A,5,382
RNASE2,5,383
ANXA2,5,384
IGHV3-7,5,385
IGHV1-2,5,386
CEBPD,5,387
IGHV1-69D,5,388
IGHG2,5,389
NUSAP1,5,390
SIGLEC6,5,391
KLF4,5,392
C1QB,5,393
THBS1,5,394
NFE2,5,395
IGKV1-5,5,396
IGLV3-25,5,397
IGKV1-9,5,398
IGHA2,5,399
PRSS57,5,400
TRGV8,6,1
KLRC2,6,2
XCL1,6,3
ZNF683,6,4
TRGV9,6,5
KLRC1,6,6
CCL5,6,7
GZMH,6,8
XCL2,6,9
GZMK,6,10
KLRD1,6,11
TRGV4,6,12
NKG7,6,13
TRBV13,6,14
IGLV2-14,6,15
GNLY,6,16
CST7,6,17
TRDV2,6,18
CD8A,6,19
IGLV3-10,6,20
TRGV5,6,21
CD8B,6,22
GZMA,6,23
DUSP2,6,24
IGLV2-8,6,25
CCL4,6,26
LINC02446,6,27
CLEC4C,6,28
CD19,6,29
TRAV39,6,30
TRDV1,6,31
CTSW,6,32
MYL9,6,33
SCGB3A1,6,34
TRDC,6,35
IGLV1-47,6,36
TRAV35,6,37
CMC1,6,38
AC004585.1,6,39
KLRF1,6,40
KLRB1,6,41
TRBV7-6,6,42
TRBV7-4,6,43
TRBV6-4,6,44
TRAV36DV7,6,45
IL2RB,6,46
TRBV7-7,6,47
ADGRG1,6,48
TRBV19,6,49
TRBV12-4,6,50
MS4A1,6,51
CLIC3,6,52
CD24,6,53
TRAV38-2DV8,6,54
IGLV3-9,6,55
IGLV1-51,6,56
TYROBP,6,57
TRAV1-2,6,58
TRBV5-5,6,59
PRF1,6,60
CCL3,6,61
TNF,6,62
TRAV19,6,63
TRBV4-2,6,64
TRBV10-2,6,65
CLU,6,66
TRAV12-3,6,67
TRBV24-1,6,68
HIST1H1B,6,69
TRAV13-2,6,70
FGFBP2,6,71
TRBV27,6,72
TRBV2,6,73
MZB1,6,74
VMO1,6,75
FAM30A,6,76
IGKV1-5,6,77
HOPX,6,78
TRAV29DV5,6,79
FCRLA,6,80
LAMP5,6,81
IL3RA,6,82
TRAV12-1,6,83
GNG11,6,84
THBS1,6,85
IGHG2,6,86
MYOM2,6,87
CEBPD,6,88
FCGR3A,6,89
TRAV26-2,6,90
TRAV14DV4,6,91
CSTA,6,92
PTCRA,6,93
FGR,6,94
IGHV3-23,6,95
TRAV2,6,96
TCL1A,6,97
TRBV5-6,6,98
TSC22D1,6,99
ANXA2,6,100
GZMB,6,101
RHOC,6,102
EGR1,6,103
ITM2C,6,104
TRBV14,6,105
IGHV3-21,6,106
TRAV17,6,107
TRAV26-1,6,108
MAFB,6,109
TRAV8-2,6,110
LMNA,6,111
TRBV6-1,6,112
TRBV11-2,6,113
SERPINF1,6,114
TRBV23-1,6,115
TRBV6-6,6,116
TRBV12-3,6,117
CDKN1C,6,118
TRBV3-1,6,119
TRAV23DV6,6,120
TRAV16,6,121
IGLV3-1,6,122
TRAV5,6,123
TRBV7-2,6,124
CD79A,6,125
VPREB3,6,126
TRBV29-1,6,127
HLA-DQA2,6,128
DERL3,6,129
SPON2,6,130
TRAV1-1,6,131
TRAV21,6,132
ID2,6,133
PTGS1,6,134
CDKN1A,6,135
TRBV10-3,6,136
NRGN,6,137
IGHG1,6,138
IGKV4-1,6,139
IGHV4-59,6,140
SPINK2,6,141
NIBAN3,6,142
LGALS3,6,143
PPP1R2C,6,144
TRAV27,6,145
IGHD,6,146
CAVIN2,6,147
TRAV10,6,148
SPARC,6,149
TRBV30,6,150
RMRP,6,151
TRAV13-1,6,152
NUSAP1,6,153
TRAV30,6,154
CKB,6,155
MNDA,6,156
TRBV7-9,6,157
TRAV25,6,158
LILRA5,6,159
FCER1G,6,160
HIST1H1E,6,161
TRAV6,6,162
IGKV1D-39,6,163
APOBEC3A,6,164
S100A4,6,165
TRAV8-6,6,166
HLA-DPB1,6,167
IGHV1-2,6,168
S100A10,6,169
SPIB,6,170
SCT,6,171
NR4A1,6,172
FCER2,6,173
TRAV8-3,6,174
MTRNR2L8,6,175
PLAUR,6,176
HLA-DRB5,6,177
HLA-DQB1,6,178
TRBV7-3,6,179
RGS2,6,180
TRAV38-1,6,181
PTGDS,6,182
IGLV1-44,6,183
AC007381.1,6,184
BANK1,6,185
IGHV1-69D,6,186
TRBV6-2,6,187
HLA-DPA1,6,188
IGHV3-33,6,189
IGHV5-51,6,190
TRAV20,6,191
SIGLEC6,6,192
MTRNR2L12,6,193
CRIP1,6,194
BLK,6,195
AP003068.2,6,196
IGLC2,6,197
CXCL16,6,198
AC020916.1,6,199
CD302,6,200
TRBV9,6,201
HLA-DQA1,6,202
TRAV9-2,6,203
IGLC1,6,204
MPIG6B,6,205
SMIM25,6,206
RGS18,6,207
IGKC,6,208
PECAM1,6,209
SAT1,6,210
LILRB2,6,211
PLD4,6,212
LILRB1,6,213
SHD,6,214
TRAV3,6,215
TRAV34,6,216
PPP1R14B,6,217
TCF4,6,218
PILRA,6,219
TXN,6,220
TRBV15,6,221
HLA-DRB1,6,222
LRRC25,6,223
CD74,6,224
NFE2,6,225
VIM,6,226
TRBV18,6,227
GAPDH,6,228
TRAV12-2,6,229
TNFRSF1B,6,230
TRBV28,6,231
IFITM3,6,232
GAS6,6,233
TNFAIP2,6,234
COTL1,6,235
RNF130,6,236
GSTP1,6,237
HLA-DMB,6,238
C1QB,6,239
LILRA4,6,240
TRAV4,6,241
ACTB,6,242
IGLV3-21,6,243
UGCG,6,244
MPEG1,6,245
CUX1,6,246
LINC01857,6,247
IGLC3,6,248
HLA-DMA,6,249
IGHV3-48,6,250
HMOX1,6,251
IGHV1-3,6,252
S100A11,6,253
TGFBI,6,254
S100A6,6,255
GPBAR1,6,256
LRRC26,6,257
TRAV8-1,6,258
IGHV4-39,6,259
RHOB,6,260
MAP3K7CL,6,261
C19orf38,6,262
RRM2,6,263
HCK,6,264
TRAV8-4,6,265
VCAN,6,266
LGALS1,6,267
STMN1,6,268
IRF7,6,269
MS4A7,6,270
WARS,6,271
IFIT3,6,272
LGALS2,6,273
JAML,6,274
LINC00926,6,275
IGLV3-25,6,276
AL138963.4,6,277
TSPO,6,278
IGHV4-34,6,279
CD68,6,280
AP1S2,6,281
TRBV5-1,6,282
IGHV3-30,6,283
STXBP2,6,284
FCGRT,6,285
CD1C,6,286
SOX4,6,287
S100A8,6,288
FTL,6,289
APLP2,6,290
TKTL1,6,291
CCDC50,6,292
FTH1,6,293
GABARAP,6,294
IGLV1-40,6,295
NEAT1,6,296
CD14,6,297
GRN,6,298
IGHA1,6,299
TRBV12-5,6,300
NCF2,6,301
PYCARD,6,302
LINC01781,6,303
ZNF385A,6,304
MAP1A,6,305
SLC7A7,6,306
GSN,6,307
TYMP,6,308
IFI30,6,309
FCER1A,6,310
S100B,6,311
PSAP,6,312
TSPAN13,6,313
FOXP3,6,314
PPP1R14A,6,315
TRBV21-1,6,316
IL1B,6,317
CAPG,6,318
LYN,6,319
CD36,6,320
JCHAIN,6,321
SERPINA1,6,322
CTSS,6,323
IGKV1-39,6,324
TRAV41,6,325
AC097375.1,6,326
POU2F2,6,327
IGSF6,6,328
TRBV20-1,6,329
CST3,6,330
HLA-DRA,6,331
RALGPS2,6,332
TKT,6,333
C1QA,6,334
SPI1,6,335
COCH,6,336
CD22,6,337
TRBV6-5,6,338
NCF1,6,339
IRF8,6,340
AIF1,6,341
TNFRSF21,6,342
CD79B,6,343
IGHM,6,344
S100A12,6,345
F13A1,6,346
DNASE1L3,6,347
NPC2,6,348
FCN1,6,349
RNASE2,6,350
LYZ,6,351
ALDH2,6,352
TRBV5-4,6,353
TRBV10-1,6,354
APP,6,355
LINC00996,6,356
PRSS57,6,357
KLF4,6,358
CTSH,6,359
IGHA2,6,360
MSLN,6,361
MS4A6A,6,362
LST1,6,363
CFD,6,364
SLC11A1,6,365
PCLAF,6,366
EREG,6,367
AFF3,6,368
CSF1R,6,369
S100A9,6,370
LYPD2,6,371
PTPRS,6,372
RBP7,6,373
IGHV3-7,6,374
CPVL,6,375
TPM2,6,376
TRBV4-1,6,377
CFP,6,378
ACY3,6,379
PKIB,6,380
ENHO,6,381
EGFL7,6,382
CLEC7A,6,383
RETN,6,384
TRAV40,6,385
HES4,6,386
FGL2,6,387
TRBV25-1,6,388
PLBD1,6,389
CSF3R,6,390
C5AR1,6,391
IGHV1-18,6,392
CYBB,6,393
IGKV1-9,6,394
IGKV3-11,6,395
IGKV3-20,6,396
G0S2,6,397
TNNT1,6,398
CLEC10A,6,399
IGKV3-15,6,400
IGHV3-21,7,1
IGHV3-23,7,2
IGKV1-5,7,3
IGHV1-18,7,4
IGKV1-9,7,5
IGLV3-1,7,6
IGLV1-51,7,7
IGHV1-69D,7,8
IGHA2,7,9
IGHV4-59,7,10
IGHV1-2,7,11
LINC01781,7,12
IGKV3-11,7,13
IGLV1-40,7,14
IGHV3-30,7,15
IGKV3-20,7,16
IGLV3-25,7,17
IGLV1-47,7,18
IGHV4-39,7,19
IGKV4-1,7,20
IGKV1-39,7,21
IGKV1D-39,7,22
IGHV3-33,7,23
IGLV2-8,7,24
IGHV3-7,7,25
CD19,7,26
IGLV1-44,7,27
IGHV3-48,7,28
IGLV3-10,7,29
CD22,7,30
VPREB3,7,31
IGHG2,7,32
CD24,7,33
BANK1,7,34
IGKV3-15,7,35
COCH,7,36
MS4A1,7,37
TCL1A,7,38
FCRLA,7,39
SIGLEC6,7,40
SPIB,7,41
IGHG1,7,42
FCER2,7,43
CD1C,7,44
NIBAN3,7,45
LINC01857,7,46
LINC00926,7,47
LINC00996,7,48
IGKC,7,49
IGLC3,7,50
HLA-DRA,7,51
PPP1R14A,7,52
IGHM,7,53
IGHV5-51,7,54
IGLV3-21,7,55
TSPAN13,7,56
JCHAIN,7,57
FAM30A,7,58
IGLV2-14,7,59
HLA-DQA1,7,60
IGHV1-3,7,61
IGHV4-34,7,62
AC097375.1,7,63
IGHD,7,64
IGLC1,7,65
CD79A,7,66
PLD4,7,67
HLA-DQB1,7,68
C1QB,7,69
HLA-DRB5,7,70
HLA-DRB1,7,71
LILRA4,7,72
IGLC2,7,73
TCF4,7,74
DERL3,7,75
SPI1,7,76
GNG11,7,77
LAMP5,7,78
PTGS1,7,79
PTCRA,7,80
IGLV3-9,7,81
F13A1,7,82
MZB1,7,83
HLA-DPB1,7,84
CD79B,7,85
IRF8,7,86
SHD,7,87
RALGPS2,7,88
HLA-DQA2,7,89
AFF3,7,90
CYBB,7,91
IGHA1,7,92
HCK,7,93
HLA-DPA1,7,94
LYN,7,95
BLK,7,96
CLEC4C,7,97
CD74,7,98
HLA-DMB,7,99
TNFRSF21,7,100
MSLN,7,101
HLA-DMA,7,102
C1QA,7,103
SPARC,7,104
DNASE1L3,7,105
LILRB1,7,106
SERPINF1,7,107
AC007381.1,7,108
AC004585.1,7,109
MYL9,7,110
LRRC26,7,111
MS4A7,7,112
IL3RA,7,113
LYPD2,7,114
CCDC50,7,115
KLF4,7,116
RBP7,7,117
NFE2,7,118
MPEG1,7,119
IL1B,7,120
HMOX1,7,121
NCF1,7,122
LILRB2,7,123
LGALS2,7,124
C5AR1,7,125
FGR,7,126
ACY3,7,127
GAS6,7,128
SCT,7,129
GSN,7,130
PTPRS,7,131
NRGN,7,132
ZNF385A,7,133
CD36,7,134
ADGRG1,7,135
LILRA5,7,136
IFI30,7,137
CTSH,7,138
CPVL,7,139
IGSF6,7,140
CSF3R,7,141
AP003068.2,7,142
ALDH2,7,143
CD14,7,144
CCL3,7,145
TNFAIP2,7,146
PILRA,7,147
SLC7A7,7,148
C19orf38,7,149
CAVIN2,7,150
CAPG,7,151
POU2F2,7,152
CCL4,7,153
IFIT3,7,154
APOBEC3A,7,155
ENHO,7,156
FCER1A,7,157
CST3,7,158
NCF2,7,159
SLC11A1,7,160
VCAN,7,161
RRM2,7,162
SMIM25,7,163
CLEC7A,7,164
EGFL7,7,165
MNDA,7,166
PPP1R2C,7,167
GZMB,7,168
PLBD1,7,169
NUSAP1,7,170
FCGR3A,7,171
ITM2C,7,172
TYROBP,7,173
SCGB3A1,7,174
FGL2,7,175
GRN,7,176
EREG,7,177
GPBAR1,7,178
MAP3K7CL,7,179
CDKN1A,7,180
GZMH,7,181
UGCG,7,182
APLP2,7,183
RHOB,7,184
CSF1R,7,185
VMO1,7,186
PCLAF,7,187
TRBV5-6,7,188
TGFBI,7,189
XCL1,7,190
RMRP,7,191
CTSS,7,192
LRRC25,7,193
TPM2,7,194
TRBV12-5,7,195
FOXP3,7,196
FCN1,7,197
IRF7,7,198
MTRNR2L8,7,199
CSTA,7,200
CD68,7,201
RGS18,7,202
MS4A6A,7,203
S100A12,7,204
NPC2,7,205
SERPINA1,7,206
HIST1H1B,7,207
RNASE2,7,208
MAP1A,7,209
TRBV10-2,7,210
PRSS57,7,211
WARS,7,212
APP,7,213
LYZ,7,214
XCL2,7,215
AC020916.1,7,216
MTRNR2L12,7,217
CXCL16,7,218
MAFB,7,219
FGFBP2,7,220
CLEC10A,7,221
CFD,7,222
SPINK2,7,223
FCER1G,7,224
CUX1,7,225
EGR1,7,226
HIST1H1E,7,227
TRGV5,7,228
GZMK,7,229
FCGRT,7,230
TRGV9,7,231
KLRF1,7,232
RGS2,7,233
TRBV28,7,234
FTL,7,235
SOX4,7,236
RNF130,7,237
GABARAP,7,238
COTL1,7,239
FTH1,7,240
TRDV2,7,241
TRBV7-4,7,242
STMN1,7,243
S100A8,7,244
CD8B,7,245
NR4A1,7,246
CFP,7,247
TRBV25-1,7,248
CLIC3,7,249
PYCARD,7,250
SAT1,7,251
PRF1,7,252
AP1S2,7,253
S100A9,7,254
CLU,7,255
GSTP1,7,256
CMC1,7,257
TKT,7,258
CEBPD,7,259
PECAM1,7,260
PPP1R14B,7,261
PSAP,7,262
CST7,7,263
CD302,7,264
CRIP1,7,265
CDKN1C,7,266
AIF1,7,267
ACTB,7,268
TRAV8-2,7,269
TRBV3-1,7,270
RHOC,7,271
TRBV6-4,7,272
ANXA2,7,273
LGALS3,7,274
AL138963.4,7,275
TRBV18,7,276
TRDV1,7,277
LMNA,7,278
TRBV14,7,279
RETN,7,280
IL2RB,7,281
TRAV1-1,7,282
MPIG6B,7,283
TNNT1,7,284
TRBV5-4,7,285
TRBV4-2,7,286
HOPX,7,287
TRBV13,7,288
GAPDH,7,289
TNFRSF1B,7,290
LGALS1,7,291
LST1,7,292
STXBP2,7,293
SPON2,7,294
TXN,7,295
PKIB,7,296
TYMP,7,297
TRBV2,7,298
JAML,7,299
DUSP2,7,300
TRBV7-3,7,301
TRAV35,7,302
VIM,7,303
TRAV8-3,7,304
NKG7,7,305
TRBV4-1,7,306
TSC22D1,7,307
TRBV21-1,7,308
KLRC1,7,309
TRGV4,7,310
TRBV6-5,7,311
KLRD1,7,312
ZNF683,7,313
ID2,7,314
TRBV9,7,315
TRAV39,7,316
TNF,7,317
TRBV6-6,7,318
TRAV29DV5,7,319
CD8A,7,320
NEAT1,7,321
TRAV4,7,322
TRBV6-2,7,323
TRBV12-3,7,324
TRAV17,7,325
TRBV5-5,7,326
TRAV41,7,327
TSPO,7,328
IFITM3,7,329
LINC02446,7,330
PTGDS,7,331
TRAV5,7,332
CKB,7,333
TRBV5-1,7,334
CTSW,7,335
TRBV27,7,336
S100A11,7,337
S100A10,7,338
TRBV20-1,7,339
TKTL1,7,340
TRBV7-6,7,341
TRAV21,7,342
GZMA,7,343
TRBV12-4,7,344
TRAV36DV7,7,345
TRAV34,7,346
S100A6,7,347
TRBV6-1,7,348
TRAV25,7,349
TRAV14DV4,7,350
TRAV16,7,351
TRAV13-2,7,352
HES4,7,353
TRAV38-1,7,354
TRAV8-1,7,355
TRAV1-2,7,356
TRAV23DV6,7,357
TRAV27,7,358
CCL5,7,359
TRAV19,7,360
TRAV9-2,7,361
TRBV19,7,362
TRBV11-2,7,363
TRAV3,7,364
TRAV20,7,365
TRAV10,7,366
S100A4,7,367
PLAUR,7,368
TRGV8,7,369
TRAV13-1,7,370
TRBV7-9,7,371
TRBV10-3,7,372
TRBV15,7,373
GNLY,7,374
TRBV29-1,7,375
TRAV8-6,7,376
TRBV7-2,7,377
TRAV12-3,7,378
TRBV24-1,7,379
G0S2,7,380
TRAV26-1,7,381
THBS1,7,382
TRAV8-4,7,383
TRAV2,7,384
MYOM2,7,385
TRAV26-2,7,386
TRAV6,7,387
TRBV30,7,388
TRAV12-1,7,389
TRAV38-2DV8,7,390
TRAV40,7,391
TRDC,7,392
TRAV12-2,7,393
TRBV23-1,7,394
KLRB1,7,395
TRAV30,7,396
S100B,7,397
KLRC2,7,398
TRBV10-1,7,399
TRBV7-7,7,400
TRBV29-1,8,1
TRBV4-1,8,2
TRAV30,8,3
TRBV6-2,8,4
TRBV9,8,5
TRBV7-9,8,6
TRAV40,8,7
TRBV5-1,8,8
TRAV34,8,9
TRBV5-4,8,10
TRAV35,8,11
TRAV26-2,8,12
TRAV41,8,13
TRAV20,8,14
PTPRS,8,15
TRAV26-1,8,16
TRAV23DV6,8,17
TRAV38-2DV8,8,18
TRAV5,8,19
TRBV6-6,8,20
TRAV13-2,8,21
TRAV25,8,22
TRAV38-1,8,23
TRAV9-2,8,24
TRBV21-1,8,25
TRBV3-1,8,26
ACY3,8,27
TRBV7-3,8,28
TRBV12-3,8,29
TRBV20-1,8,30
TRAV17,8,31
TRBV10-2,8,32
TRBV12-5,8,33
TRBV23-1,8,34
TRBV30,8,35
TRBV24-1,8,36
TRAV12-2,8,37
TRAV36DV7,8,38
TRAV39,8,39
TRAV27,8,40
TRAV13-1,8,41
TRAV8-6,8,42
TRBV4-2,8,43
TRAV16,8,44
TRAV8-4,8,45
TRAV19,8,46
TRAV1-1,8,47
TRBV6-4,8,48
TRBV10-1,8,49
TRBV27,8,50
TRAV12-1,8,51
TRAV29DV5,8,52
TRAV14DV4,8,53
TRAV4,8,54
TRAV8-1,8,55
TRAV10,8,56
S100B,8,57
STMN1,8,58
APP,8,59
TRBV7-4,8,60
TRAV21,8,61
TRDV1,8,62
TRAV6,8,63
TRAV1-2,8,64
AL138963.4,8,65
TRGV5,8,66
TKTL1,8,67
FOXP3,8,68
TRBV25-1,8,69
IGHV1-3,8,70
TRBV7-2,8,71
TRAV2,8,72
TNFRSF21,8,73
TRAV8-3,8,74
TRBV6-1,8,75
PKIB,8,76
VIM,8,77
PECAM1,8,78
MYOM2,8,79
TRAV8-2,8,80
TSC22D1,8,81
CFP,8,82
TRBV7-7,8,83
AFF3,8,84
FCGRT,8,85
EGFL7,8,86
MTRNR2L12,8,87
MTRNR2L8,8,88
KLRB1,8,89
AIF1,8,90
TRBV18,8,91
SPINK2,8,92
RALGPS2,8,93
CRIP1,8,94
SOX4,8,95
ACTB,8,96
TRAV3,8,97
IGKV3-20,8,98
EGR1,8,99
TRAV12-3,8,100
GAPDH,8,101
TSPO,8,102
NPC2,8,103
TRDC,8,104
GABARAP,8,105
IGHV3-33,8,106
UGCG,8,107
PCLAF,8,108
TKT,8,109
TXN,8,110
ITM2C,8,111
HIST1H1E,8,112
CD1C,8,113
TRBV5-5,8,114
IRF7,8,115
COTL1,8,116
FTH1,8,117
IFITM3,8,118
LINC02446,8,119
RHOB,8,120
FTL,8,121
PPP1R14B,8,122
NEAT1,8,123
IGKV3-15,8,124
TRBV11-2,8,125
S100A6,8,126
TNF,8,127
TRBV7-6,8,128
G0S2,8,129
CMC1,8,130
S100A10,8,131
POU2F2,8,132
PYCARD,8,133
RRM2,8,134
CD79B,8,135
TRGV4,8,136
LRRC26,8,137
IGHV4-34,8,138
DUSP2,8,139
NR4A1,8,140
TRBV6-5,8,141
NCF1,8,142
CDKN1C,8,143
PSAP,8,144
AP1S2,8,145
IGKV1-39,8,146
JAML,8,147
TPM2,8,148
CLEC10A,8,149
STXBP2,8,150
LST1,8,151
MAP3K7CL,8,152
AC007381.1,8,153
S100A11,8,154
GSTP1,8,155
TNFRSF1B,8,156
TRBV2,8,157
CTSH,8,158
AC097375.1,8,159
AC004585.1,8,160
IGHA1,8,161
IGLV3-9,8,162
TRBV12-4,8,163
AP003068.2,8,164
RGS2,8,165
SAT1,8,166
TRBV5-6,8,167
IFIT3,8,168
CUX1,8,169
SLC11A1,8,170
S100A4,8,171
CAPG,8,172
TYMP,8,173
GRN,8,174
CTSS,8,175
CLEC7A,8,176
IGHV3-7,8,177
WARS,8,178
TNNT1,8,179
PTGDS,8,180
EREG,8,181
ID2,8,182
CFD,8,183
IGLV3-25,8,184
TRBV15,8,185
APLP2,8,186
TRBV28,8,187
CCDC50,8,188
HOPX,8,189
CXCL16,8,190
TCF4,8,191
HES4,8,192
TRDV2,8,193
MPIG6B,8,194
RETN,8,195
RNF130,8,196
MAP1A,8,197
ENHO,8,198
TGFBI,8,199
CD8B,8,200
IGHV3-48,8,201
CYBB,8,202
PLAUR,8,203
CD79A,8,204
CTSW,8,205
CD22,8,206
SPIB,8,207
IGHM,8,208
VMO1,8,209
S100A9,8,210
BLK,8,211
IGHD,8,212
FCER1A,8,213
SCT,8,214
CD36,8,215
RMRP,8,216
IGKV1-9,8,217
IGKV1D-39,8,218
SERPINA1,8,219
GAS6,8,220
TRBV10-3,8,221
CKB,8,222
IL3RA,8,223
CD74,8,224
CSF1R,8,225
HLA-DMA,8,226
IGLC3,8,227
TRBV14,8,228
IGSF6,8,229
S100A12,8,230
IGHV5-51,8,231
AC020916.1,8,232
LRRC25,8,233
MSLN,8,234
GSN,8,235
GZMB,8,236
TRBV19,8,237
CPVL,8,238
DERL3,8,239
PPP1R2C,8,240
FGFBP2,8,241
CLU,8,242
ALDH2,8,243
CD68,8,244
CD8A,8,245
IL2RB,8,246
LGALS1,8,247
PRF1,8,248
IFI30,8,249
IGHV1-18,8,250
NIBAN3,8,251
BANK1,8,252
SLC7A7,8,253
ZNF385A,8,254
MAFB,8,255
HMOX1,8,256
C19orf38,8,257
MS4A7,8,258
IGHG1,8,259
KLRC2,8,260
LMNA,8,261
ANXA2,8,262
SMIM25,8,263
HLA-DMB,8,264
RHOC,8,265
MS4A6A,8,266
FCN1,8,267
LYPD2,8,268
MPEG1,8,269
MNDA,8,270
HIST1H1B,8,271
LYZ,8,272
DNASE1L3,8,273
HLA-DPA1,8,274
TNFAIP2,8,275
SERPINF1,8,276
IRF8,8,277
LINC00926,8,278
IGKV1-5,8,279
LINC00996,8,280
IGKV3-11,8,281
FGL2,8,282
LINC01857,8,283
LGALS3,8,284
RBP7,8,285
PRSS57,8,286
CSF3R,8,287
XCL2,8,288
SHD,8,289
GZMK,8,290
IGHV3-30,8,291
LILRA5,8,292
CLIC3,8,293
PLD4,8,294
SPON2,8,295
LILRA4,8,296
KLRF1,8,297
FCGR3A,8,298
FCER2,8,299
IGLV1-40,8,300
IGLC2,8,301
TSPAN13,8,302
GZMA,8,303
CD302,8,304
NUSAP1,8,305
IGKC,8,306
HLA-DPB1,8,307
S100A8,8,308
JCHAIN,8,309
IL1B,8,310
APOBEC3A,8,311
IGLC1,8,312
TRGV8,8,313
LYN,8,314
CDKN1A,8,315
CST3,8,316
VPREB3,8,317
PLBD1,8,318
NCF2,8,319
CLEC4C,8,320
HCK,8,321
SIGLEC6,8,322
MS4A1,8,323
HLA-DRB1,8,324
IGHV4-59,8,325
HLA-DQA2,8,326
LILRB2,8,327
HLA-DRA,8,328
PTCRA,8,329
LGALS2,8,330
LILRB1,8,331
IGLV1-44,8,332
NFE2,8,333
IGHV4-39,8,334
LINC01781,8,335
CD24,8,336
IGHV1-2,8,337
RGS18,8,338
TRGV9,8,339
GNLY,8,340
FCER1G,8,341
KLRD1,8,342
CST7,8,343
FGR,8,344
NKG7,8,345
TCL1A,8,346
CD14,8,347
MZB1,8,348
THBS1,8,349
GPBAR1,8,350
CEBPD,8,351
IGKV4-1,8,352
C5AR1,8,353
KLF4,8,354
PPP1R14A,8,355
VCAN,8,356
PILRA,8,357
HLA-DQB1,8,358
IGHA2,8,359
IGHG2,8,360
IGLV2-8,8,361
SPI1,8,362
GNG11,8,363
IGLV3-1,8,364
ZNF683,8,365
IGLV3-21,8,366
HLA-DRB5,8,367
HLA-DQA1,8,368
FCRLA,8,369
CCL5,8,370
LAMP5,8,371
CCL3,8,372
CSTA,8,373
C1QB,8,374
FAM30A,8,375
GZMH,8,376
NRGN,8,377
IGHV1-69D,8,378
TRBV13,8,379
XCL1,8,380
RNASE2,8,381
IGHV3-21,8,382
SPARC,8,383
CD19,8,384
CAVIN2,8,385
ADGRG1,8,386
COCH,8,387
TYROBP,8,388
C1QA,8,389
MYL9,8,390
F13A1,8,391
KLRC1,8,392
IGLV2-14,8,393
IGHV3-23,8,394
SCGB3A1,8,395
CCL4,8,396
IGLV1-47,8,397
IGLV1-51,8,398
IGLV3-10,8,399
PTGS1,8,400
TRBV20-1,9,1
TRBV5-6,9,2
TRBV4-1,9,3
TRBV5-4,9,4
TRBV9,9,5
TRAV3,9,6
TRAV8-2,9,7
TRBV15,9,8
TRAV13-1,9,9
TRBV28,9,10
TRAV25,9,11
TRAV2,9,12
TRBV6-5,9,13
TRAV30,9,14
TRAV36DV7,9,15
TRAV13-2,9,16
TRAV20,9,17
TRBV23-1,9,18
IGLC1,9,19
TRAV26-2,9,20
TRAV17,9,21
TRAV9-2,9,22
TRAV4,9,23
TRAV26-1,9,24
TRAV23DV6,9,25
TRAV1-1,9,26
TRBV18,9,27
TRAV8-6,9,28
TRBV10-2,9,29
TRAV12-3,9,30
MAP1A,9,31
TRAV6,9,32
TRAV14DV4,9,33
TRBV6-2,9,34
TRAV12-2,9,35
TRAV8-4,9,36
TRAV35,9,37
TRAV16,9,38
TRAV29DV5,9,39
TRAV10,9,40
TRAV12-1,9,41
TRAV41,9,42
TRBV21-1,9,43
TRAV8-3,9,44
KLRB1,9,45
TRAV39,9,46
TRAV27,9,47
TRAV38-1,9,48
PLBD1,9,49
IGHV1-18,9,50
TRAV8-1,9,51
TRBV7-3,9,52
AL138963.4,9,53
TRAV19,9,54
IGKV1-39,9,55
TRAV1-2,9,56
PPP1R2C,9,57
TRBV6-4,9,58
CRIP1,9,59
EGR1,9,60
PTPRS,9,61
TRBV14,9,62
VIM,9,63
IGLV1-40,9,64
TNF,9,65
MTRNR2L12,9,66
TRAV5,9,67
TRAV21,9,68
IGHV4-34,9,69
TRBV3-1,9,70
IGLV3-9,9,71
S100A10,9,72
S100A11,9,73
HIST1H1B,9,74
HIST1H1E,9,75
STMN1,9,76
S100A4,9,77
APP,9,78
ACY3,9,79
DNASE1L3,9,80
TXN,9,81
MTRNR2L8,9,82
TRAV38-2DV8,9,83
GAPDH,9,84
S100B,9,85
S100A6,9,86
TPM2,9,87
COTL1,9,88
TSPO,9,89
ACTB,9,90
ITM2C,9,91
WARS,9,92
GZMA,9,93
TRGV8,9,94
BLK,9,95
FTH1,9,96
MYOM2,9,97
TNFRSF1B,9,98
CKB,9,99
IRF7,9,100
DUSP2,9,101
IGHV3-48,9,102
GAS6,9,103
GABARAP,9,104
POU2F2,9,105
IFITM3,9,106
IGHV3-7,9,107
PLD4,9,108
IGHV3-30,9,109
UGCG,9,110
C5AR1,9,111
NEAT1,9,112
IL2RB,9,113
NPC2,9,114
CXCL16,9,115
ID2,9,116
ANXA2,9,117
GZMK,9,118
TRBV19,9,119
IGLC3,9,120
PCLAF,9,121
FTL,9,122
CAPG,9,123
JAML,9,124
STXBP2,9,125
SAT1,9,126
PYCARD,9,127
G0S2,9,128
TRBV7-4,9,129
PTGDS,9,130
FOXP3,9,131
TKT,9,132
IGKV3-11,9,133
PECAM1,9,134
TRBV5-5,9,135
LINC00926,9,136
TRBV27,9,137
TRBV24-1,9,138
PSAP,9,139
FCGRT,9,140
CUX1,9,141
IGKV3-15,9,142
ZNF385A,9,143
TCF4,9,144
FGL2,9,145
TRGV5,9,146
IGHA1,9,147
IGHV1-3,9,148
CSF1R,9,149
IGHG1,9,150
SOX4,9,151
CCDC50,9,152
HOPX,9,153
RALGPS2,9,154
LGALS3,9,155
AP1S2,9,156
LMNA,9,157
IFIT3,9,158
PPP1R14B,9,159
AIF1,9,160
CTSS,9,161
CD79B,9,162
MAP3K7CL,9,163
LST1,9,164
TRBV6-1,9,165
TSC22D1,9,166
SERPINA1,9,167
GSTP1,9,168
CCL5,9,169
KLF4,9,170
DERL3,9,171
NR4A1,9,172
TKTL1,9,173
THBS1,9,174
TYMP,9,175
CLEC10A,9,176
RHOC,9,177
CD22,9,178
CMC1,9,179
FCER2,9,180
LGALS1,9,181
RNF130,9,182
CD302,9,183
AFF3,9,184
TRBV25-1,9,185
MS4A6A,9,186
VMO1,9,187
IGKV1-9,9,188
MPIG6B,9,189
NCF1,9,190
SPINK2,9,191
CD24,9,192
RGS2,9,193
PILRA,9,194
SLC11A1,9,195
CFP,9,196
TRAV40,9,197
CEBPD,9,198
CD8B,9,199
JCHAIN,9,200
CD8A,9,201
GRN,9,202
GPBAR1,9,203
RHOB,9,204
C19orf38,9,205
IGHV1-69D,9,206
HES4,9,207
HLA-DQB1,9,208
IGLV3-21,9,209
CPVL,9,210
LILRB2,9,211
CTSH,9,212
CD74,9,213
IGSF6,9,214
TRAV34,9,215
TRBV7-2,9,216
CFD,9,217
TNFRSF21,9,218
S100A12,9,219
AC020916.1,9,220
C1QB,9,221
MAFB,9,222
CD79A,9,223
PLAUR,9,224
TRBV10-1,9,225
PRF1,9,226
IL3RA,9,227
TRBV11-2,9,228
CST7,9,229
IGHV5-51,9,230
RETN,9,231
HLA-DMB,9,232
APLP2,9,233
IGHD,9,234
IGLV2-14,9,235
TRBV2,9,236
TRBV12-3,9,237
IGKC,9,238
TRGV4,9,239
CTSW,9,240
IGHA2,9,241
ALDH2,9,242
LINC02446,9,243
NUSAP1,9,244
HLA-DQA2,9,245
COCH,9,246
TNNT1,9,247
CSF3R,9,248
SLC7A7,9,249
GNLY,9,250
NIBAN3,9,251
LYZ,9,252
FCRLA,9,253
HLA-DRB5,9,254
KLRC2,9,255
MSLN,9,256
KLRF1,9,257
LILRB1,9,258
HLA-DPA1,9,259
IGHM,9,260
CLU,9,261
AC007381.1,9,262
CD36,9,263
HLA-DPB1,9,264
HMOX1,9,265
SPI1,9,266
IRF8,9,267
SPIB,9,268
ZNF683,9,269
FCN1,9,270
MNDA,9,271
CYBB,9,272
VCAN,9,273
HLA-DMA,9,274
VPREB3,9,275
NKG7,9,276
HLA-DQA1,9,277
IGHV4-39,9,278
RGS18,9,279
RMRP,9,280
LILRA5,9,281
TRDC,9,282
MS4A1,9,283
LYPD2,9,284
CLEC7A,9,285
NCF2,9,286
TGFBI,9,287
TRBV12-4,9,288
IGHV3-33,9,289
KLRC1,9,290
APOBEC3A,9,291
LGALS2,9,292
CSTA,9,293
TRBV5-1,9,294
AC004585.1,9,295
CDKN1A,9,296
C1QA,9,297
SPON2,9,298
CD68,9,299
TRBV4-2,9,300
CST3,9,301
IGHV3-23,9,302
PKIB,9,303
MS4A7,9,304
LRRC25,9,305
SERPINF1,9,306
RNASE2,9,307
HLA-DRA,9,308
GSN,9,309
IGLV3-25,9,310
SMIM25,9,311
HLA-DRB1,9,312
TRDV1,9,313
LINC01857,9,314
FCER1G,9,315
IGKV3-20,9,316
IFI30,9,317
IGKV4-1,9,318
XCL1,9,319
TRBV7-9,9,320
MZB1,9,321
TRBV13,9,322
IGLC2,9,323
IGHV1-2,9,324
LINC01781,9,325
TCL1A,9,326
MPEG1,9,327
S100A9,9,328
IGHV3-21,9,329
CLIC3,9,330
HCK,9,331
TRBV29-1,9,332
IGKV1D-39,9,333
FCGR3A,9,334
SIGLEC6,9,335
BANK1,9,336
S100A8,9,337
CCL3,9,338
IGLV2-8,9,339
LYN,9,340
TYROBP,9,341
IGHV4-59,9,342
TRBV10-3,9,343
SCGB3A1,9,344
IGLV1-44,9,345
CDKN1C,9,346
EGFL7,9,347
TRGV9,9,348
FGFBP2,9,349
RBP7,9,350
IL1B,9,351
TSPAN13,9,352
AP003068.2,9,353
CCL4,9,354
TRBV6-6,9,355
IGHG2,9,356
KLRD1,9,357
GNG11,9,358
PPP1R14A,9,359
LILRA4,9,360
EREG,9,361
PRSS57,9,362
FAM30A,9,363
FGR,9,364
TRBV12-5,9,365
XCL2,9,366
CD14,9,367
CD19,9,368
TNFAIP2,9,369
TRBV7-6,9,370
MYL9,9,371
FCER1A,9,372
ADGRG1,9,373
LRRC26,9,374
GZMH,9,375
IGLV1-51,9,376
LINC00996,9,377
TRBV30,9,378
GZMB,9,379
NRGN,9,380
SCT,9,381
TRDV2,9,382
IGKV1-5,9,383
IGLV3-1,9,384
CD1C,9,385
LAMP5,9,386
IGLV1-47,9,387
SHD,9,388
TRBV7-7,9,389
NFE2,9,390
AC097375.1,9,391
IGLV3-10,9,392
F13A1,9,393
RRM2,9,394
PTGS1,9,395
CLEC4C,9,396
PTCRA,9,397
ENHO,9,398
CAVIN2,9,399
SPARC,9,400
LYPD2,10,1
C1QB,10,2
C1QA,10,3
MSLN,10,4
APOBEC3A,10,5
SCGB3A1,10,6
HCK,10,7
VMO1,10,8
FCGR3A,10,9
MS4A7,10,10
PTGS1,10,11
SPI1,10,12
SMIM25,10,13
ENHO,10,14
LILRB2,10,15
CSF1R,10,16
RBP7,10,17
PILRA,10,18
CLEC7A,10,19
SERPINA1,10,20
LILRA5,10,21
IGKV1D-39,10,22
FCN1,10,23
EREG,10,24
CDKN1C,10,25
GPBAR1,10,26
C5AR1,10,27
CST3,10,28
MAFB,10,29
IFI30,10,30
HMOX1,10,31
CD68,10,32
CKB,10,33
LRRC25,10,34
LILRB1,10,35
G0S2,10,36
TNNT1,10,37
KLF4,10,38
SLC7A7,10,39
FGL2,10,40
HES4,10,41
CYBB,10,42
IGLV1-44,10,43
LST1,10,44
IGSF6,10,45
CFD,10,46
IL3RA,10,47
C19orf38,10,48
TNFAIP2,10,49
TYROBP,10,50
NCF2,10,51
LYN,10,52
LILRA4,10,53
LINC00996,10,54
PLD4,10,55
FGR,10,56
CSTA,10,57
PLBD1,10,58
ZNF385A,10,59
CCL3,10,60
PRSS57,10,61
FCER1G,10,62
MPEG1,10,63
NRGN,10,64
SLC11A1,10,65
IGHA2,10,66
IGLV3-25,10,67
HLA-DRA,10,68
NFE2,10,69
CPVL,10,70
TNFRSF21,10,71
IL1B,10,72
CCL4,10,73
IGHG2,10,74
TGFBI,10,75
EGFL7,10,76
RGS18,10,77
RETN,10,78
LAMP5,10,79
CD302,10,80
HLA-DRB5,10,81
HLA-DRB1,10,82
CLEC4C,10,83
CXCL16,10,84
RHOC,10,85
PLAUR,10,86
ACY3,10,87
CLEC10A,10,88
RRM2,10,89
AIF1,10,90
CFP,10,91
S100A9,10,92
TYMP,10,93
LYZ,10,94
PPP1R14A,10,95
JCHAIN,10,96
HLA-DPA1,10,97
WARS,10,98
MNDA,10,99
RNASE2,10,100
CUX1,10,101
SIGLEC6,10,102
HLA-DQA1,10,103
IGHV3-21,10,104
CD1C,10,105
LGALS3,10,106
MS4A6A,10,107
IGHV4-39,10,108
CDKN1A,10,109
CTSS,10,110
ADGRG1,10,111
PTCRA,10,112
LGALS1,10,113
PSAP,10,114
SPARC,10,115
IGHV4-59,10,116
IGKV1-9,10,117
CD36,10,118
CD22,10,119
HLA-DQA2,10,120
S100A8,10,121
LGALS2,10,122
IGKV3-11,10,123
CD14,10,124
IGLV1-40,10,125
NUSAP1,10,126
S100A12,10,127
AC097375.1,10,128
STXBP2,10,129
TNFRSF1B,10,130
TRBV4-1,10,131
PECAM1,10,132
HLA-DPB1,10,133
SAT1,10,134
RHOB,10,135
S100A11,10,136
RNF130,10,137
COTL1,10,138
ANXA2,10,139
FTL,10,140
NR4A1,10,141
CEBPD,10,142
IGHV3-23,10,143
IGKV3-15,10,144
IFITM3,10,145
ALDH2,10,146
CAVIN2,10,147
S100B,10,148
XCL2,10,149
COCH,10,150
DNASE1L3,10,151
CSF3R,10,152
NEAT1,10,153
NPC2,10,154
IRF8,10,155
FTH1,10,156
F13A1,10,157
GZMH,10,158
RMRP,10,159
TSPAN13,10,160
FCRLA,10,161
VCAN,10,162
FAM30A,10,163
S100A6,10,164
FCGRT,10,165
HLA-DMB,10,166
POU2F2,10,167
HLA-DQB1,10,168
S100A4,10,169
PYCARD,10,170
APLP2,10,171
CTSH,10,172
CD74,10,173
RGS2,10,174
MS4A1,10,175
SHD,10,176
KLRD1,10,177
AC020916.1,10,178
LINC01781,10,179
TKT,10,180
GRN,10,181
CD24,10,182
IGHV1-18,10,183
SERPINF1,10,184
GSN,10,185
IGHV1-2,10,186
GZMB,10,187
IGKV3-20,10,188
VPREB3,10,189
FCER1A,10,190
IGKV1-39,10,191
AP1S2,10,192
MYL9,10,193
TRGV9,10,194
CD79B,10,195
SOX4,10,196
IGHA1,10,197
HLA-DMA,10,198
IGHV3-48,10,199
TRAV41,10,200
IFIT3,10,201
KLRF1,10,202
IGHM,10,203
GSTP1,10,204
AFF3,10,205
JAML,10,206
BANK1,10,207
IGHV3-7,10,208
IGHV3-30,10,209
THBS1,10,210
KLRC1,10,211
GABARAP,10,212
SPON2,10,213
IGHV3-33,10,214
GNLY,10,215
TSPO,10,216
CD19,10,217
IGLV3-21,10,218
IGKC,10,219
TRBV15,10,220
IGLV1-51,10,221
IGHD,10,222
GAS6,10,223
CLIC3,10,224
XCL1,10,225
ZNF683,10,226
TRBV5-1,10,227
DERL3,10,228
NKG7,10,229
MAP1A,10,230
TRAV40,10,231
SCT,10,232
FGFBP2,10,233
S100A10,10,234
TCF4,10,235
ACTB,10,236
MPIG6B,10,237
MAP3K7CL,10,238
CRIP1,10,239
LINC01857,10,240
TRBV6-2,10,241
AC007381.1,10,242
TPM2,10,243
PCLAF,10,244
NCF1,10,245
IRF7,10,246
CAPG,10,247
IGLV3-10,10,248
TRBV29-1,10,249
NIBAN3,10,250
TCL1A,10,251
IGHG1,10,252
PPP1R14B,10,253
TRBV7-6,10,254
TRBV20-1,10,255
TRAV36DV7,10,256
BLK,10,257
TSC22D1,10,258
CLU,10,259
CD8A,10,260
TKTL1,10,261
TRAV38-1,10,262
MZB1,10,263
LINC02446,10,264
TRAV39,10,265
TRBV2,10,266
GAPDH,10,267
TRAV34,10,268
CST7,10,269
IGLC1,10,270
VIM,10,271
PTGDS,10,272
CD8B,10,273
IL2RB,10,274
LMNA,10,275
IGLV3-1,10,276
TRAV38-2DV8,10,277
AC004585.1,10,278
CTSW,10,279
SPIB,10,280
LINC00926,10,281
CCDC50,10,282
PTPRS,10,283
PRF1,10,284
TRAV26-1,10,285
IGLV3-9,10,286
ID2,10,287
TRBV7-3,10,288
TNF,10,289
IGKV4-1,10,290
TRAV8-6,10,291
FCER2,10,292
TRBV5-4,10,293
TRAV25,10,294
HOPX,10,295
TRGV8,10,296
IGLC3,10,297
CMC1,10,298
CD79A,10,299
ITM2C,10,300
TRBV7-9,10,301
TRBV6-5,10,302
TXN,10,303
IGLV2-14,10,304
MTRNR2L12,10,305
TRBV9,10,306
TRAV19,10,307
RALGPS2,10,308
TRBV5-6,10,309
IGLC2,10,310
EGR1,10,311
KLRC2,10,312
MYOM2,10,313
TRDV1,10,314
IGLV1-47,10,315
TRAV30,10,316
HIST1H1E,10,317
APP,10,318
TRBV7-2,10,319
FOXP3,10,320
TRAV26-2,10,321
AL138963.4,10,322
GNG11,10,323
TRAV12-1,10,324
MTRNR2L8,10,325
TRBV11-2,10,326
LRRC26,10,327
TRDC,10,328
TRGV4,10,329
TRAV8-4,10,330
TRAV12-2,10,331
UGCG,10,332
IGHV1-3,10,333
STMN1,10,334
TRAV13-1,10,335
SPINK2,10,336
IGHV5-51,10,337
IGHV1-69D,10,338
CCL5,10,339
GZMK,10,340
TRAV21,10,341
HIST1H1B,10,342
TRAV17,10,343
GZMA,10,344
PPP1R2C,10,345
TRBV4-2,10,346
IGHV4-34,10,347
TRAV3,10,348
TRAV8-3,10,349
TRBV28,10,350
TRAV9-2,10,351
DUSP2,10,352
TRBV19,10,353
TRAV16,10,354
TRBV12-4,10,355
TRBV18,10,356
TRBV6-6,10,357
TRBV7-4,10,358
AP003068.2,10,359
PKIB,10,360
TRGV5,10,361
KLRB1,10,362
TRAV20,10,363
TRAV27,10,364
TRBV14,10,365
IGKV1-5,10,366
TRAV4,10,367
TRAV8-2,10,368
TRBV10-3,10,369
TRBV25-1,10,370
TRBV27,10,371
TRBV12-3,10,372
TRAV8-1,10,373
TRBV21-1,10,374
TRAV29DV5,10,375
TRAV23DV6,10,376
TRBV24-1,10,377
TRAV5,10,378
TRAV12-3,10,379
TRBV5-5,10,380
TRBV6-1,10,381
TRBV30,10,382
TRBV3-1,10,383
TRDV2,10,384
TRAV1-2,10,385
TRAV10,10,386
TRAV6,10,387
TRAV14DV4,10,388
IGLV2-8,10,389
TRAV13-2,10,390
TRAV2,10,391
TRAV35,10,392
TRBV10-2,10,393
TRBV6-4,10,394
TRBV23-1,10,395
TRBV7-7,10,396
TRBV10-1,10,397
TRAV1-1,10,398
TRBV13,10,399
TRBV12-5,10,400
TRGV8,11,1
TRAV1-2,11,2
NKG7,11,3
TRBV6-4,11,4
TRGV4,11,5
KLRC1,11,6
GZMK,11,7
TRGV9,11,8
CST7,11,9
CCL5,11,10
CEBPD,11,11
SCGB3A1,11,12
GNLY,11,13
GZMH,11,14
KLRB1,11,15
TRBV20-1,11,16
GZMA,11,17
TRDV2,11,18
THBS1,11,19
PRF1,11,20
BLK,11,21
IGLV2-14,11,22
TRAV8-2,11,23
DUSP2,11,24
CCL4,11,25
CD8A,11,26
TRBV7-7,11,27
TNF,11,28
TYROBP,11,29
KLRD1,11,30
MAFB,11,31
CD302,11,32
KLRC2,11,33
TRGV5,11,34
TRAV2,11,35
CTSW,11,36
TRAV8-1,11,37
ZNF683,11,38
HOPX,11,39
TRBV6-1,11,40
TRBV10-2,11,41
TRAV3,11,42
TRBV7-3,11,43
RNASE2,11,44
KLRF1,11,45
TRBV15,11,46
TRBV5-6,11,47
TRBV28,11,48
RGS18,11,49
XCL1,11,50
ANXA2,11,51
CDKN1A,11,52
ID2,11,53
DERL3,11,54
TRAV8-6,11,55
RHOC,11,56
LGALS3,11,57
PPP1R2C,11,58
TRAV4,11,59
CCL3,11,60
MZB1,11,61
XCL2,11,62
TRBV5-5,11,63
JAML,11,64
CMC1,11,65
IL2RB,11,66
S100A4,11,67
MNDA,11,68
PLAUR,11,69
CKB,11,70
CDKN1C,11,71
TRBV18,11,72
CD8B,11,73
TRBV6-2,11,74
PILRA,11,75
TRAV16,11,76
IGLV2-8,11,77
TRAV36DV7,11,78
TRBV13,11,79
TRBV19,11,80
LILRA5,11,81
ADGRG1,11,82
CLEC4C,11,83
TRAV12-3,11,84
CLIC3,11,85
TRBV6-5,11,86
GPBAR1,11,87
PLD4,11,88
MYL9,11,89
S100A12,11,90
TRAV27,11,91
SPON2,11,92
TRAV25,11,93
MYOM2,11,94
PPP1R14B,11,95
TRBV4-2,11,96
NFE2,11,97
TRBV21-1,11,98
NUSAP1,11,99
TRBV5-4,11,100
IL3RA,11,101
CSTA,11,102
TSC22D1,11,103
IFIT3,11,104
LST1,11,105
LGALS2,11,106
CD24,11,107
PLBD1,11,108
HIST1H1E,11,109
TRAV14DV4,11,110
TNFRSF1B,11,111
TRAV13-1,11,112
TRAV5,11,113
VPREB3,11,114
S100A6,11,115
PTGDS,11,116
TRAV17,11,117
FCGR3A,11,118
RGS2,11,119
MTRNR2L8,11,120
TRBV3-1,11,121
TRDC,11,122
TRAV12-2,11,123
TRBV23-1,11,124
TRAV12-1,11,125
TRAV6,11,126
S100A11,11,127
TRAV26-1,11,128
TRAV8-4,11,129
TRBV27,11,130
ITM2C,11,131
GZMB,11,132
FGFBP2,11,133
TRAV1-1,11,134
C5AR1,11,135
TRAV38-1,11,136
PRSS57,11,137
CTSH,11,138
FCER2,11,139
TCF4,11,140
TRAV13-2,11,141
MS4A6A,11,142
MTRNR2L12,11,143
MS4A1,11,144
KLF4,11,145
S100A8,11,146
SMIM25,11,147
TRBV9,11,148
TXN,11,149
NCF2,11,150
IGLV1-47,11,151
TRBV24-1,11,152
AL138963.4,11,153
HIST1H1B,11,154
TRAV21,11,155
TRBV7-2,11,156
WARS,11,157
S100A10,11,158
TRAV39,11,159
TKTL1,11,160
TRAV10,11,161
TRAV35,11,162
UGCG,11,163
FCRLA,11,164
JCHAIN,11,165
IGHV1-69D,11,166
TRAV30,11,167
MPIG6B,11,168
HLA-DQA2,11,169
DNASE1L3,11,170
HLA-DMB,11,171
IGHV4-34,11,172
AC004585.1,11,173
CXCL16,11,174
TRAV29DV5,11,175
IGHV5-51,11,176
TRAV23DV6,11,177
TRBV14,11,178
GAPDH,11,179
TRAV9-2,11,180
S100A9,11,181
FCER1G,11,182
RALGPS2,11,183
TRAV8-3,11,184
TYMP,11,185
IFITM3,11,186
ACTB,11,187
VIM,11,188
AC007381.1,11,189
PKIB,11,190
HMOX1,11,191
STXBP2,11,192
CLU,11,193
S100B,11,194
STMN1,11,195
IGKC,11,196
CCDC50,11,197
POU2F2,11,198
HLA-DQB1,11,199
CRIP1,11,200
VCAN,11,201
TKT,11,202
TRAV19,11,203
EGR1,11,204
NEAT1,11,205
FGR,11,206
SAT1,11,207
CD74,11,208
AC020916.1,11,209
CSF1R,11,210
AP1S2,11,211
APLP2,11,212
IRF8,11,213
FTL,11,214
TRBV4-1,11,215
PYCARD,11,216
ZNF385A,11,217
LRRC25,11,218
TPM2,11,219
TRBV10-1,11,220
LILRB2,11,221
CD19,11,222
IRF7,11,223
GSTP1,11,224
LMNA,11,225
CTSS,11,226
GABARAP,11,227
FTH1,11,228
LYN,11,229
SLC7A7,11,230
LINC02446,11,231
CUX1,11,232
RNF130,11,233
FCGRT,11,234
APP,11,235
TSPO,11,236
C19orf38,11,237
HES4,11,238
CD68,11,239
TRBV7-6,11,240
PSAP,11,241
CLEC7A,11,242
IGSF6,11,243
HLA-DQA1,11,244
IGLC1,11,245
PTCRA,11,246
PECAM1,11,247
TRBV11-2,11,248
LAMP5,11,249
CD79B,11,250
MAP1A,11,251
IGHD,11,252
IGHV1-2,11,253
NRGN,11,254
TRAV26-2,11,255
FGL2,11,256
IGLV3-9,11,257
TRBV29-1,11,258
NR4A1,11,259
LILRB1,11,260
APOBEC3A,11,261
NPC2,11,262
CD79A,11,263
HLA-DRB5,11,264
RMRP,11,265
CAPG,11,266
LYZ,11,267
HLA-DPB1,11,268
NCF1,11,269
HLA-DPA1,11,270
SERPINA1,11,271
CPVL,11,272
TRBV7-4,11,273
COTL1,11,274
TRBV6-6,11,275
C1QB,11,276
GRN,11,277
CD14,11,278
MAP3K7CL,11,279
TRBV12-3,11,280
GNG11,11,281
F13A1,11,282
IGHG1,11,283
TRBV25-1,11,284
LGALS1,11,285
IGHV1-3,11,286
AFF3,11,287
IFI30,11,288
FCN1,11,289
CD36,11,290
CFD,11,291
TRBV5-1,11,292
SLC11A1,11,293
GSN,11,294
RHOB,11,295
SIGLEC6,11,296
FAM30A,11,297
CD22,11,298
TRBV12-4,11,299
HLA-DMA,11,300
ALDH2,11,301
TCL1A,11,302
IGLC2,11,303
SOX4,11,304
TGFBI,11,305
TRAV38-2DV8,11,306
AP003068.2,11,307
LINC00926,11,308
RBP7,11,309
TRBV7-9,11,310
LINC01857,11,311
SPI1,11,312
CFP,11,313
AIF1,11,314
MSLN,11,315
MS4A7,11,316
MPEG1,11,317
IGHV4-59,11,318
SHD,11,319
IGHV3-21,11,320
TNFAIP2,11,321
CSF3R,11,322
FCER1A,11,323
TRAV20,11,324
IL1B,11,325
LILRA4,11,326
SPINK2,11,327
NIBAN3,11,328
TRAV41,11,329
HCK,11,330
VMO1,11,331
IGHM,11,332
IGKV1-39,11,333
IGLV3-10,11,334
TRBV10-3,11,335
TRBV2,11,336
CAVIN2,11,337
IGLV3-25,11,338
SPARC,11,339
SCT,11,340
IGHV3-23,11,341
HLA-DRA,11,342
CST3,11,343
HLA-DRB1,11,344
IGHA2,11,345
IGHG2,11,346
CLEC10A,11,347
IGLV1-44,11,348
SPIB,11,349
BANK1,11,350
IGHV1-18,11,351
TRDV1,11,352
IGHA1,11,353
TRAV34,11,354
G0S2,11,355
RETN,11,356
IGKV3-20,11,357
C1QA,11,358
PTPRS,11,359
TSPAN13,11,360
IGLV3-1,11,361
GAS6,11,362
CD1C,11,363
IGHV3-48,11,364
IGHV3-7,11,365
TNNT1,11,366
IGHV3-30,11,367
TRBV30,11,368
IGLC3,11,369
TRBV12-5,11,370
PPP1R14A,11,371
FOXP3,11,372
IGKV3-15,11,373
LYPD2,11,374
IGLV3-21,11,375
EGFL7,11,376
CYBB,11,377
EREG,11,378
PTGS1,11,379
ACY3,11,380
IGHV4-39,11,381
IGKV1D-39,11,382
LINC00996,11,383
IGKV4-1,11,384
SERPINF1,11,385
COCH,11,386
IGKV1-5,11,387
TNFRSF21,11,388
IGKV1-9,11,389
LRRC26,11,390
PCLAF,11,391
IGKV3-11,11,392
LINC01781,11,393
TRAV40,11,394
IGLV1-51,11,395
IGHV3-33,11,396
RRM2,11,397
AC097375.1,11,398
ENHO,11,399
IGLV1-40,11,400
CLEC10A,12,1
RNASE2,12,2
ENHO,12,3
SIGLEC6,12,4
C1QA,12,5
CD1C,12,6
F13A1,12,7
C1QB,12,8
FCER1A,12,9
IL1B,12,10
MSLN,12,11
CST3,12,12
LGALS2,12,13
PLBD1,12,14
HLA-DRA,12,15
MS4A6A,12,16
LYZ,12,17
CPVL,12,18
SPI1,12,19
PTGS1,12,20
CAVIN2,12,21
PPP1R14A,12,22
HCK,12,23
LYPD2,12,24
HLA-DQB1,12,25
LILRA4,12,26
HLA-DRB1,12,27
ALDH2,12,28
EREG,12,29
HLA-DQA1,12,30
HLA-DRB5,12,31
LAMP5,12,32
IGSF6,12,33
CSTA,12,34
CLEC7A,12,35
IGLV1-47,12,36
IGLV3-1,12,37
ZNF385A,12,38
FCN1,12,39
PLD4,12,40
SCGB3A1,12,41
IGHA2,12,42
IGHV1-69D,12,43
FGL2,12,44
KLF4,12,45
CCL4,12,46
IFI30,12,47
IGKV1D-39,12,48
VCAN,12,49
PILRA,12,50
AC097375.1,12,51
PRSS57,12,52
HLA-DPB1,12,53
HLA-DPA1,12,54
HLA-DQA2,12,55
CSF1R,12,56
PTCRA,12,57
TNFAIP2,12,58
MNDA,12,59
CLEC4C,12,60
NCF2,12,61
CD36,12,62
IGHV1-18,12,63
LILRB2,12,64
GPBAR1,12,65
TNNT1,12,66
PKIB,12,67
IGKV3-15,12,68
CD14,12,69
GSN,12,70
NRGN,12,71
NFE2,12,72
IGLV3-25,12,73
IGLV1-44,12,74
COCH,12,75
CSF3R,12,76
RBP7,12,77
MPEG1,12,78
IGKV1-9,12,79
IGHV3-23,12,80
LINC00996,12,81
CD302,12,82
GAS6,12,83
IGHV3-21,12,84
LRRC25,12,85
SCT,12,86
LILRA5,12,87
TYROBP,12,88
DNASE1L3,12,89
TGFBI,12,90
S100A9,12,91
CD22,12,92
IGLV1-51,12,93
SPARC,12,94
C19orf38,12,95
HLA-DMB,12,96
APOBEC3A,12,97
ADGRG1,12,98
HLA-DMA,12,99
CD74,12,100
FCER2,12,101
CFP,12,102
FGR,12,103
TRBV7-7,12,104
CD68,12,105
RGS18,12,106
SHD,12,107
RETN,12,108
AC007381.1,12,109
IGKV3-11,12,110
SERPINA1,12,111
RRM2,12,112
S100A8,12,113
CEBPD,12,114
CCL3,12,115
CYBB,12,116
MS4A7,12,117
SERPINF1,12,118
IGKV3-20,12,119
FCER1G,12,120
GNG11,12,121
MAFB,12,122
IGKV1-39,12,123
FAM30A,12,124
IGHV3-33,12,125
IGHG2,12,126
LYN,12,127
IGHV4-59,12,128
LILRB1,12,129
TNFRSF21,12,130
G0S2,12,131
GRN,12,132
IL3RA,12,133
IGKV1-5,12,134
S100A12,12,135
CTSH,12,136
MS4A1,12,137
IGHV1-2,12,138
IGHV4-39,12,139
LGALS1,12,140
LST1,12,141
JCHAIN,12,142
LMNA,12,143
IGKC,12,144
EGFL7,12,145
IGHG1,12,146
LGALS3,12,147
BANK1,12,148
ANXA2,12,149
IGHV3-30,12,150
TYMP,12,151
TSPAN13,12,152
IGKV4-1,12,153
IRF8,12,154
PLAUR,12,155
RNF130,12,156
CAPG,12,157
LINC01781,12,158
FCGRT,12,159
GZMB,12,160
CD19,12,161
SLC7A7,12,162
NUSAP1,12,163
JAML,12,164
TCF4,12,165
FCGR3A,12,166
PCLAF,12,167
AP1S2,12,168
IGHM,12,169
HMOX1,12,170
CDKN1A,12,171
IGHV3-7,12,172
VPREB3,12,173
TCL1A,12,174
IGLV3-21,12,175
C5AR1,12,176
MPIG6B,12,177
CFD,12,178
MZB1,12,179
CCDC50,12,180
AIF1,12,181
GSTP1,12,182
MYL9,12,183
IGHV5-51,12,184
PTPRS,12,185
CD24,12,186
ACY3,12,187
LRRC26,12,188
FCRLA,12,189
RMRP,12,190
AC020916.1,12,191
HES4,12,192
COTL1,12,193
SPIB,12,194
GZMH,12,195
IGLV1-40,12,196
APLP2,12,197
AFF3,12,198
WARS,12,199
SMIM25,12,200
CLIC3,12,201
PSAP,12,202
SLC11A1,12,203
S100A11,12,204
IGLV3-10,12,205
CTSS,12,206
PYCARD,12,207
NIBAN3,12,208
NR4A1,12,209
CDKN1C,12,210
DERL3,12,211
CLU,12,212
S100A6,12,213
TKT,12,214
IGLC2,12,215
UGCG,12,216
RHOC,12,217
IGLC3,12,218
NPC2,12,219
S100A10,12,220
CXCL16,12,221
LINC00926,12,222
PPP1R14B,12,223
GABARAP,12,224
IGLC1,12,225
SOX4,12,226
RGS2,12,227
LINC01857,12,228
FTH1,12,229
TPM2,12,230
GAPDH,12,231
TSC22D1,12,232
VIM,12,233
IGHV4-34,12,234
TSPO,12,235
IFIT3,12,236
IGLV3-9,12,237
S100A4,12,238
TXN,12,239
TRAV8-2,12,240
SPINK2,12,241
SAT1,12,242
NCF1,12,243
RHOB,12,244
IGHD,12,245
ID2,12,246
TRAV41,12,247
ACTB,12,248
FOXP3,12,249
CUX1,12,250
IGHV3-48,12,251
S100B,12,252
FTL,12,253
POU2F2,12,254
TNFRSF1B,12,255
CD79A,12,256
IGHA1,12,257
PTGDS,12,258
STXBP2,12,259
MAP1A,12,260
SPON2,12,261
KLRF1,12,262
IRF7,12,263
HIST1H1B,12,264
CRIP1,12,265
APP,12,266
IGLV2-8,12,267
THBS1,12,268
MAP3K7CL,12,269
IGLV2-14,12,270
NEAT1,12,271
AL138963.4,12,272
TRBV12-5,12,273
FGFBP2,12,274
TRBV6-5,12,275
ITM2C,12,276
IFITM3,12,277
GNLY,12,278
MTRNR2L12,12,279
PRF1,12,280
CKB,12,281
TRBV5-1,12,282
TRGV9,12,283
PECAM1,12,284
RALGPS2,12,285
MTRNR2L8,12,286
TRAV1-1,12,287
PPP1R2C,12,288
BLK,12,289
TRAV3,12,290
TRAV8-4,12,291
HIST1H1E,12,292
KLRD1,12,293
TRBV5-4,12,294
HOPX,12,295
CST7,12,296
TRBV4-2,12,297
XCL1,12,298
TRBV10-1,12,299
TRAV40,12,300
STMN1,12,301
TRBV28,12,302
AC004585.1,12,303
TRBV6-4,12,304
NKG7,12,305
DUSP2,12,306
TRBV6-6,12,307
IL2RB,12,308
TRBV7-9,12,309
TRAV8-1,12,310
EGR1,12,311
TRBV7-2,12,312
TRAV8-3,12,313
TRBV4-1,12,314
CD79B,12,315
TKTL1,12,316
TRBV14,12,317
TRAV13-1,12,318
ZNF683,12,319
CMC1,12,320
TRBV25-1,12,321
GZMA,12,322
TRAV6,12,323
TRAV1-2,12,324
TRAV23DV6,12,325
AP003068.2,12,326
TRGV5,12,327
GZMK,12,328
TRBV3-1,12,329
TRGV4,12,330
TRBV21-1,12,331
TRAV10,12,332
TRBV5-6,12,333
TNF,12,334
CTSW,12,335
TRAV16,12,336
TRBV18,12,337
IGHV1-3,12,338
TRBV30,12,339
MYOM2,12,340
TRBV7-6,12,341
VMO1,12,342
TRBV6-2,12,343
TRAV27,12,344
TRBV12-4,12,345
TRAV5,12,346
TRBV20-1,12,347
XCL2,12,348
TRBV10-2,12,349
TRAV36DV7,12,350
TRAV17,12,351
TRAV12-1,12,352
TRAV38-1,12,353
TRBV15,12,354
TRAV4,12,355
TRAV34,12,356
TRAV38-2DV8,12,357
TRAV12-2,12,358
TRGV8,12,359
KLRC2,12,360
TRBV11-2,12,361
TRBV7-3,12,362
TRBV29-1,12,363
KLRB1,12,364
TRAV8-6,12,365
CCL5,12,366
TRAV26-1,12,367
TRBV19,12,368
TRAV14DV4,12,369
TRBV7-4,12,370
TRDV1,12,371
TRAV19,12,372
TRBV5-5,12,373
TRAV2,12,374
TRBV12-3,12,375
CD8B,12,376
TRBV27,12,377
TRBV9,12,378
TRBV13,12,379
TRBV6-1,12,380
CD8A,12,381
KLRC1,12,382
TRAV21,12,383
TRAV26-2,12,384
TRBV2,12,385
TRAV39,12,386
TRAV29DV5,12,387
LINC02446,12,388
TRAV20,12,389
TRAV12-3,12,390
TRAV25,12,391
TRAV9-2,12,392
TRBV10-3,12,393
TRBV24-1,12,394
TRDV2,12,395
TRAV30,12,396
TRBV23-1,12,397
TRAV13-2,12,398
TRDC,12,399
TRAV35,12,400
GNLY,13,1
XCL1,13,2
KLRC1,13,3
XCL2,13,4
IGKV1D-39,13,5
LINC00996,13,6
KLRF1,13,7
KLRD1,13,8
KLRC2,13,9
NKG7,13,10
IGKV1-5,13,11
TRDC,13,12
TRDV2,13,13
GZMH,13,14
FCGR3A,13,15
GSN,13,16
TYROBP,13,17
TRGV4,13,18
IL2RB,13,19
GZMB,13,20
CMC1,13,21
TRGV5,13,22
LILRA4,13,23
C1QB,13,24
CLIC3,13,25
FGR,13,26
CTSW,13,27
CST7,13,28
CCL3,13,29
TRGV8,13,30
RRM2,13,31
IGKV1-9,13,32
HOPX,13,33
LYPD2,13,34
IGHV3-21,13,35
GZMK,13,36
FCER1G,13,37
SIGLEC6,13,38
IGHA2,13,39
MYOM2,13,40
FAM30A,13,41
SPINK2,13,42
IGHG2,13,43
IGHV1-2,13,44
IGLV2-14,13,45
IGHV3-23,13,46
ADGRG1,13,47
TRBV4-1,13,48
TRGV9,13,49
PRF1,13,50
GZMA,13,51
CD19,13,52
C19orf38,13,53
IGLV3-1,13,54
EREG,13,55
NUSAP1,13,56
ZNF683,13,57
LYN,13,58
SPIB,13,59
CCL5,13,60
MPIG6B,13,61
IGKV1-39,13,62
CSTA,13,63
RHOC,13,64
TNFRSF21,13,65
SCGB3A1,13,66
IGHG1,13,67
IRF8,13,68
IGHV4-59,13,69
IGHV5-51,13,70
CD24,13,71
NIBAN3,13,72
AC004585.1,13,73
MS4A1,13,74
CEBPD,13,75
CAPG,13,76
LILRB2,13,77
DUSP2,13,78
PPP1R14A,13,79
MYL9,13,80
FGFBP2,13,81
CCL4,13,82
KLRB1,13,83
TSPAN13,13,84
CLEC7A,13,85
C1QA,13,86
TKTL1,13,87
IL3RA,13,88
IGHV3-33,13,89
ACY3,13,90
IGKV4-1,13,91
TCF4,13,92
PTGDS,13,93
GAS6,13,94
AC020916.1,13,95
LRRC25,13,96
CLEC4C,13,97
TCL1A,13,98
TRBV7-9,13,99
PTGS1,13,100
COCH,13,101
IFITM3,13,102
KLF4,13,103
LAMP5,13,104
CD302,13,105
TRDV1,13,106
ID2,13,107
IGHV3-7,13,108
BANK1,13,109
PTCRA,13,110
IGHM,13,111
AFF3,13,112
HLA-DQA1,13,113
CLU,13,114
CST3,13,115
IGHV1-69D,13,116
CD36,13,117
HCK,13,118
BLK,13,119
LMNA,13,120
SLC7A7,13,121
HMOX1,13,122
IGLC3,13,123
IGLV3-10,13,124
CPVL,13,125
VPREB3,13,126
HLA-DRB1,13,127
NFE2,13,128
SPARC,13,129
SPON2,13,130
CCDC50,13,131
AP003068.2,13,132
SPI1,13,133
MPEG1,13,134
NR4A1,13,135
HLA-DRB5,13,136
MSLN,13,137
TNFAIP2,13,138
FCRLA,13,139
MZB1,13,140
DERL3,13,141
CDKN1A,13,142
CD22,13,143
AC097375.1,13,144
MS4A7,13,145
LINC01857,13,146
GSTP1,13,147
SHD,13,148
TGFBI,13,149
CD79A,13,150
CSF1R,13,151
HLA-DQA2,13,152
SERPINA1,13,153
TRBV29-1,13,154
IGLV1-44,13,155
LGALS3,13,156
SOX4,13,157
CD1C,13,158
IGLV1-51,13,159
HLA-DMA,13,160
LINC00926,13,161
HIST1H1B,13,162
PLD4,13,163
IGHA1,13,164
IGKV3-11,13,165
IFI30,13,166
RHOB,13,167
IGKV3-20,13,168
RNF130,13,169
TRAV36DV7,13,170
HLA-DRA,13,171
HIST1H1E,13,172
STMN1,13,173
TRBV9,13,174
ALDH2,13,175
CYBB,13,176
IGHD,13,177
TRBV6-2,13,178
CD68,13,179
CD74,13,180
RGS2,13,181
AC007381.1,13,182
MAFB,13,183
TRAV39,13,184
FCER1A,13,185
HLA-DPB1,13,186
PYCARD,13,187
TSC22D1,13,188
CRIP1,13,189
PPP1R14B,13,190
EGFL7,13,191
LILRB1,13,192
RGS18,13,193
AL138963.4,13,194
FGL2,13,195
TPM2,13,196
RBP7,13,197
PILRA,13,198
TXN,13,199
LGALS1,13,200
IGKC,13,201
JCHAIN,13,202
CUX1,13,203
APLP2,13,204
HLA-DPA1,13,205
NRGN,13,206
LINC01781,13,207
S100A9,13,208
NEAT1,13,209
PLAUR,13,210
ANXA2,13,211
VMO1,13,212
PECAM1,13,213
IGHV1-18,13,214
IGLV3-25,13,215
TRAV38-2DV8,13,216
MTRNR2L12,13,217
MNDA,13,218
MTRNR2L8,13,219
APOBEC3A,13,220
TRBV3-1,13,221
IGHV3-48,13,222
TYMP,13,223
NCF2,13,224
GAPDH,13,225
WARS,13,226
TNF,13,227
HLA-DMB,13,228
COTL1,13,229
EGR1,13,230
TRBV5-1,13,231
CD79B,13,232
HLA-DQB1,13,233
RALGPS2,13,234
S100A10,13,235
UGCG,13,236
IRF7,13,237
LILRA5,13,238
CD14,13,239
ITM2C,13,240
GRN,13,241
PTPRS,13,242
IGLV3-21,13,243
ACTB,13,244
TSPO,13,245
FCER2,13,246
LINC02446,13,247
NPC2,13,248
TRBV7-4,13,249
THBS1,13,250
IGHV4-39,13,251
PCLAF,13,252
TNFRSF1B,13,253
SAT1,13,254
SMIM25,13,255
TRAV35,13,256
STXBP2,13,257
IGLC2,13,258
S100A11,13,259
AP1S2,13,260
CSF3R,13,261
IGSF6,13,262
FOXP3,13,263
CTSS,13,264
S100A4,13,265
GABARAP,13,266
IGLV3-9,13,267
CTSH,13,268
IGHV1-3,13,269
FTL,13,270
PRSS57,13,271
IGHV4-34,13,272
FTH1,13,273
RMRP,13,274
PSAP,13,275
LST1,13,276
MAP3K7CL,13,277
S100A8,13,278
TKT,13,279
CXCL16,13,280
LYZ,13,281
FCN1,13,282
PLBD1,13,283
CDKN1C,13,284
GPBAR1,13,285
CD8A,13,286
POU2F2,13,287
TRAV38-1,13,288
TRAV26-2,13,289
TRAV10,13,290
ZNF385A,13,291
PPP1R2C,13,292
TRBV27,13,293
IGKV3-15,13,294
AIF1,13,295
TRBV7-6,13,296
TRAV30,13,297
TRAV9-2,13,298
GNG11,13,299
ENHO,13,300
TRAV29DV5,13,301
TRAV41,13,302
TRBV6-1,13,303
TRBV24-1,13,304
CAVIN2,13,305
S100B,13,306
VIM,13,307
SLC11A1,13,308
TRAV34,13,309
NCF1,13,310
RNASE2,13,311
LRRC26,13,312
IGLV2-8,13,313
TRBV7-3,13,314
APP,13,315
TRBV6-6,13,316
IGHV3-30,13,317
RETN,13,318
MAP1A,13,319
IGLV1-40,13,320
MS4A6A,13,321
S100A6,13,322
TRBV20-1,13,323
SCT,13,324
LGALS2,13,325
IGLC1,13,326
TNNT1,13,327
TRAV20,13,328
DNASE1L3,13,329
JAML,13,330
CFP,13,331
TRAV23DV6,13,332
F13A1,13,333
TRAV40,13,334
CFD,13,335
FCGRT,13,336
C5AR1,13,337
S100A12,13,338
SERPINF1,13,339
TRBV5-4,13,340
TRBV12-3,13,341
G0S2,13,342
VCAN,13,343
TRAV12-3,13,344
CKB,13,345
TRAV21,13,346
TRAV26-1,13,347
TRBV14,13,348
TRAV19,13,349
CD8B,13,350
TRBV11-2,13,351
IL1B,13,352
TRBV23-1,13,353
IFIT3,13,354
TRBV18,13,355
TRBV19,13,356
TRBV25-1,13,357
HES4,13,358
TRBV6-5,13,359
TRAV4,13,360
CLEC10A,13,361
TRAV13-2,13,362
TRBV4-2,13,363
TRBV12-4,13,364
TRAV5,13,365
TRBV13,13,366
TRBV2,13,367
TRBV5-5,13,368
TRBV21-1,13,369
TRBV10-3,13,370
TRBV5-6,13,371
IGLV1-47,13,372
TRBV6-4,13,373
TRBV10-2,13,374
TRAV27,13,375
TRAV16,13,376
TRAV8-6,13,377
TRAV12-1,13,378
TRBV30,13,379
TRAV8-1,13,380
TRAV25,13,381
TRAV12-2,13,382
TRAV8-3,13,383
TRAV8-4,13,384
TRAV17,13,385
TRAV14DV4,13,386
TRBV7-2,13,387
TRAV6,13,388
PKIB,13,389
TRAV13-1,13,390
TRAV1-2,13,391
TRAV1-1,13,392
TRBV7-7,13,393
TRBV10-1,13,394
TRAV3,13,395
TRBV28,13,396
TRAV2,13,397
TRBV15,13,398
TRBV12-5,13,399
TRAV8-2,13,400
SHD,14,1
AC097375.1,14,2
PTCRA,14,3
CLEC4C,14,4
LILRA4,14,5
LAMP5,14,6
LINC00996,14,7
SCT,14,8
LRRC26,14,9
IL3RA,14,10
TNFRSF21,14,11
SERPINF1,14,12
PLD4,14,13
IGKV1D-39,14,14
JCHAIN,14,15
TCL1A,14,16
PTGDS,14,17
DNASE1L3,14,18
PTPRS,14,19
AC007381.1,14,20
PPP1R14A,14,21
SPIB,14,22
DERL3,14,23
TSPAN13,14,24
IGLV3-1,14,25
GAS6,14,26
IGKV1-5,14,27
IGKC,14,28
TCF4,14,29
GZMB,14,30
MZB1,14,31
SIGLEC6,14,32
CD22,14,33
IRF8,14,34
IGHV3-21,14,35
NIBAN3,14,36
TPM2,14,37
IGLC3,14,38
MAP1A,14,39
IGHG2,14,40
MS4A6A,14,41
LINC01781,14,42
MPEG1,14,43
F13A1,14,44
C1QB,14,45
CD36,14,46
IGLC2,14,47
IGHV1-2,14,48
LYPD2,14,49
IGHV5-51,14,50
MSLN,14,51
CCDC50,14,52
ENHO,14,53
CST3,14,54
IGKV1-39,14,55
IGHV1-69D,14,56
TGFBI,14,57
IGHV3-23,14,58
FCER1A,14,59
SPARC,14,60
HLA-DRA,14,61
CYBB,14,62
CAVIN2,14,63
IGKV1-9,14,64
PPP1R14B,14,65
IGHA2,14,66
IGKV4-1,14,67
GNG11,14,68
CSF1R,14,69
ITM2C,14,70
IGLV1-44,14,71
CLEC10A,14,72
CD68,14,73
ALDH2,14,74
CLIC3,14,75
IGHM,14,76
IGHG1,14,77
CD1C,14,78
IGLV1-47,14,79
CD19,14,80
IL1B,14,81
UGCG,14,82
IRF7,14,83
IGLV3-9,14,84
IGLV1-40,14,85
HLA-DRB5,14,86
HLA-DRB1,14,87
GSN,14,88
IGHA1,14,89
IGKV3-20,14,90
APP,14,91
IGHV1-3,14,92
NFE2,14,93
FAM30A,14,94
RNASE2,14,95
CD24,14,96
RRM2,14,97
EGFL7,14,98
CPVL,14,99
SPI1,14,100
CD14,14,101
PRSS57,14,102
LILRB1,14,103
TYROBP,14,104
LYN,14,105
LILRB2,14,106
AC004585.1,14,107
CCL3,14,108
IGSF6,14,109
FCER1G,14,110
IGHD,14,111
EREG,14,112
VCAN,14,113
HCK,14,114
IGHV3-48,14,115
HLA-DMB,14,116
MS4A1,14,117
KLF4,14,118
HLA-DPB1,14,119
RGS18,14,120
FCER2,14,121
IGHV3-33,14,122
HLA-DPA1,14,123
HLA-DQA1,14,124
NPC2,14,125
SLC7A7,14,126
IGHV4-59,14,127
HLA-DQA2,14,128
IGLV3-10,14,129
HLA-DQB1,14,130
CD74,14,131
GRN,14,132
BANK1,14,133
PLBD1,14,134
VPREB3,14,135
ACY3,14,136
IGHV1-18,14,137
FCRLA,14,138
HLA-DMA,14,139
LINC00926,14,140
RBP7,14,141
IGLV1-51,14,142
LILRA5,14,143
CD302,14,144
ADGRG1,14,145
C1QA,14,146
SOX4,14,147
STMN1,14,148
TNFAIP2,14,149
GZMH,14,150
MS4A7,14,151
NUSAP1,14,152
SPINK2,14,153
CAPG,14,154
XCL1,14,155
MPIG6B,14,156
TSC22D1,14,157
APOBEC3A,14,158
PTGS1,14,159
AFF3,14,160
CSF3R,14,161
TXN,14,162
SLC11A1,14,163
FCGR3A,14,164
NRGN,14,165
LINC01857,14,166
NCF1,14,167
RNF130,14,168
IGLV3-25,14,169
IGKV3-11,14,170
FCGRT,14,171
ZNF385A,14,172
TRGV4,14,173
CFD,14,174
AP003068.2,14,175
SPON2,14,176
TRBV12-5,14,177
JAML,14,178
CCL4,14,179
IFI30,14,180
KLRF1,14,181
CSTA,14,182
S100A8,14,183
S100A9,14,184
LYZ,14,185
SERPINA1,14,186
IFIT3,14,187
CLU,14,188
PCLAF,14,189
CUX1,14,190
PSAP,14,191
IGLV3-21,14,192
FCN1,14,193
CDKN1A,14,194
BLK,14,195
IGLV2-14,14,196
IGKV3-15,14,197
IGLV2-8,14,198
MNDA,14,199
FGFBP2,14,200
LMNA,14,201
S100A12,14,202
MAP3K7CL,14,203
LGALS1,14,204
RHOC,14,205
CLEC7A,14,206
CD79A,14,207
PYCARD,14,208
LGALS2,14,209
TRBV6-4,14,210
C19orf38,14,211
LRRC25,14,212
PECAM1,14,213
RALGPS2,14,214
LGALS3,14,215
IGLC1,14,216
HMOX1,14,217
GSTP1,14,218
PLAUR,14,219
RETN,14,220
NR4A1,14,221
TRBV7-7,14,222
GABARAP,14,223
TRBV5-1,14,224
CTSS,14,225
TRAV34,14,226
WARS,14,227
IGHV3-7,14,228
PRF1,14,229
TKTL1,14,230
IGHV4-34,14,231
KLRD1,14,232
IGHV4-39,14,233
FTH1,14,234
CEBPD,14,235
NCF2,14,236
GZMK,14,237
STXBP2,14,238
MYL9,14,239
CST7,14,240
FGR,14,241
CFP,14,242
PILRA,14,243
C5AR1,14,244
SMIM25,14,245
HIST1H1B,14,246
TRAV8-2,14,247
G0S2,14,248
EGR1,14,249
TNNT1,14,250
AC020916.1,14,251
XCL2,14,252
TRBV29-1,14,253
AP1S2,14,254
NKG7,14,255
TRGV9,14,256
SAT1,14,257
TRBV3-1,14,258
CTSW,14,259
ANXA2,14,260
MAFB,14,261
RGS2,14,262
HOPX,14,263
HIST1H1E,14,264
GNLY,14,265
RMRP,14,266
TRAV8-4,14,267
TRGV5,14,268
TRBV7-6,14,269
CRIP1,14,270
LINC02446,14,271
IGHV3-30,14,272
AL138963.4,14,273
APLP2,14,274
ZNF683,14,275
FGL2,14,276
VIM,14,277
TRAV2,14,278
FTL,14,279
TRDV1,14,280
CMC1,14,281
TRBV6-6,14,282
MYOM2,14,283
TRBV7-9,14,284
TYMP,14,285
CTSH,14,286
VMO1,14,287
TRAV23DV6,14,288
TRGV8,14,289
CDKN1C,14,290
COCH,14,291
S100A11,14,292
POU2F2,14,293
COTL1,14,294
CD8B,14,295
AIF1,14,296
ACTB,14,297
TRAV1-2,14,298
ID2,14,299
DUSP2,14,300
CD79B,14,301
TRBV7-4,14,302
TRAV3,14,303
TRAV8-3,14,304
LST1,14,305
GPBAR1,14,306
TNFRSF1B,14,307
S100B,14,308
TRAV1-1,14,309
S100A6,14,310
KLRC2,14,311
GAPDH,14,312
SCGB3A1,14,313
MTRNR2L12,14,314
TRAV40,14,315
MTRNR2L8,14,316
CD8A,14,317
TKT,14,318
S100A10,14,319
NEAT1,14,320
TRBV5-4,14,321
TRAV13-1,14,322
TRBV4-2,14,323
CCL5,14,324
CKB,14,325
PKIB,14,326
TSPO,14,327
CXCL16,14,328
TNF,14,329
RHOB,14,330
IL2RB,14,331
TRBV7-3,14,332
TRAV38-2DV8,14,333
IFITM3,14,334
TRBV6-5,14,335
GZMA,14,336
TRBV23-1,14,337
S100A4,14,338
TRAV4,14,339
PPP1R2C,14,340
THBS1,14,341
KLRC1,14,342
TRAV39,14,343
TRAV14DV4,14,344
TRAV6,14,345
TRAV12-1,14,346
TRAV17,14,347
TRAV10,14,348
TRAV35,14,349
TRAV26-1,14,350
TRBV10-1,14,351
TRBV11-2,14,352
TRAV8-1,14,353
TRAV12-2,14,354
HES4,14,355
TRAV27,14,356
KLRB1,14,357
TRBV6-2,14,358
TRDC,14,359
TRAV41,14,360
FOXP3,14,361
TRBV28,14,362
TRAV29DV5,14,363
TRAV19,14,364
TRBV10-2,14,365
TRAV13-2,14,366
TRBV12-4,14,367
TRAV5,14,368
TRAV21,14,369
TRBV4-1,14,370
TRAV16,14,371
TRDV2,14,372
TRAV38-1,14,373
TRBV24-1,14,374
TRBV14,14,375
TRBV5-5,14,376
TRBV21-1,14,377
TRAV36DV7,14,378
TRAV25,14,379
TRAV30,14,380
TRBV30,14,381
TRAV12-3,14,382
TRAV20,14,383
TRAV9-2,14,384
TRBV27,14,385
TRAV8-6,14,386
TRBV12-3,14,387
TRBV6-1,14,388
TRBV7-2,14,389
TRBV9,14,390
TRBV5-6,14,391
TRAV26-2,14,392
TRBV25-1,14,393
TRBV18,14,394
TRBV13,14,395
TRBV2,14,396
TRBV20-1,14,397
TRBV10-3,14,398
TRBV15,14,399
TRBV19,14,400
SPARC,15,1
EGFL7,15,2
EREG,15,3
FAM30A,15,4
PRSS57,15,5
IGKV1-9,15,6
IGKV1-5,15,7
LINC01781,15,8
CAVIN2,15,9
IGKV3-11,15,10
SPINK2,15,11
CSF3R,15,12
ACY3,15,13
NFE2,15,14
AC097375.1,15,15
IGHV3-21,15,16
JCHAIN,15,17
GNG11,15,18
IGHM,15,19
IGHV1-2,15,20
CD22,15,21
SHD,15,22
IGKV3-20,15,23
CD1C,15,24
IL1B,15,25
IGHV3-23,15,26
IGHV3-7,15,27
MZB1,15,28
IGKV3-15,15,29
RNASE2,15,30
TNFRSF21,15,31
TSC22D1,15,32
TCF4,15,33
PPP1R14A,15,34
TCL1A,15,35
RRM2,15,36
IGLV3-1,15,37
FCER1A,15,38
PLD4,15,39
LILRA4,15,40
IGHV1-69D,15,41
LINC00996,15,42
TSPAN13,15,43
ENHO,15,44
IL3RA,15,45
IGHV3-48,15,46
IGHD,15,47
PTPRS,15,48
RGS18,15,49
DNASE1L3,15,50
HLA-DRA,15,51
MPIG6B,15,52
CYBB,15,53
SOX4,15,54
IGHV4-59,15,55
CLEC4C,15,56
MSLN,15,57
GSN,15,58
ADGRG1,15,59
NRGN,15,60
SPI1,15,61
ALDH2,15,62
PTCRA,15,63
IGKV1-39,15,64
HLA-DRB1,15,65
TNFAIP2,15,66
IGKV4-1,15,67
CLEC7A,15,68
DERL3,15,69
GZMB,15,70
LYN,15,71
MAP1A,15,72
HLA-DRB5,15,73
BANK1,15,74
LINC01857,15,75
F13A1,15,76
HOPX,15,77
SPIB,15,78
STMN1,15,79
ITM2C,15,80
PKIB,15,81
PTGDS,15,82
VPREB3,15,83
HLA-DQA1,15,84
CD24,15,85
SIGLEC6,15,86
SCGB3A1,15,87
CCL3,15,88
AC007381.1,15,89
LILRB2,15,90
PTGS1,15,91
VCAN,15,92
IGHA1,15,93
CD19,15,94
RBP7,15,95
IGSF6,15,96
FCRLA,15,97
FCER2,15,98
IGLV3-25,15,99
HLA-DQB1,15,100
HLA-DMA,15,101
NIBAN3,15,102
CSF1R,15,103
HLA-DPA1,15,104
IGHA2,15,105
IGLV1-40,15,106
IGHV5-51,15,107
LINC00926,15,108
LRRC26,15,109
IGHV3-30,15,110
RNF130,15,111
NUSAP1,15,112
IGHV1-18,15,113
HCK,15,114
GZMH,15,115
HLA-DPB1,15,116
S100A9,15,117
KLF4,15,118
CCL4,15,119
CST3,15,120
CD74,15,121
IGHV4-39,15,122
IGKC,15,123
CDKN1C,15,124
IGHG2,15,125
AFF3,15,126
FCGR3A,15,127
TNNT1,15,128
IGLV1-44,15,129
IGHV1-3,15,130
HLA-DMB,15,131
LST1,15,132
NCF2,15,133
SCT,15,134
TRBV30,15,135
IGLC3,15,136
AIF1,15,137
HMOX1,15,138
S100A8,15,139
MS4A7,15,140
PRF1,15,141
TRDV2,15,142
PPP1R14B,15,143
TXN,15,144
CCDC50,15,145
GSTP1,15,146
PCLAF,15,147
HLA-DQA2,15,148
TRBV5-1,15,149
IRF8,15,150
CD79A,15,151
C1QB,15,152
CAPG,15,153
C19orf38,15,154
CLEC10A,15,155
TRBV25-1,15,156
CD302,15,157
CD36,15,158
CUX1,15,159
ZNF385A,15,160
CPVL,15,161
TRBV7-7,15,162
AC020916.1,15,163
MS4A1,15,164
FGR,15,165
PLBD1,15,166
SLC7A7,15,167
IGHV4-34,15,168
IGLC2,15,169
FGFBP2,15,170
RALGPS2,15,171
AC004585.1,15,172
S100A12,15,173
CD14,15,174
TRAV26-2,15,175
IGLC1,15,176
TYROBP,15,177
TRBV5-4,15,178
PECAM1,15,179
CDKN1A,15,180
IFIT3,15,181
TKT,15,182
IGKV1D-39,15,183
LMNA,15,184
CKB,15,185
AP003068.2,15,186
IGHV3-33,15,187
FCER1G,15,188
LILRA5,15,189
IFI30,15,190
CLU,15,191
PYCARD,15,192
LRRC25,15,193
MS4A6A,15,194
LAMP5,15,195
C1QA,15,196
SPON2,15,197
NCF1,15,198
CFD,15,199
APP,15,200
NPC2,15,201
APLP2,15,202
HIST1H1E,15,203
FCGRT,15,204
TRAV23DV6,15,205
EGR1,15,206
LILRB1,15,207
KLRF1,15,208
POU2F2,15,209
LYZ,15,210
CSTA,15,211
IGLV1-51,15,212
MAP3K7CL,15,213
LGALS1,15,214
GNLY,15,215
ID2,15,216
TRBV3-1,15,217
GAPDH,15,218
SERPINF1,15,219
MPEG1,15,220
GAS6,15,221
FCN1,15,222
FGL2,15,223
CTSH,15,224
IGHG1,15,225
CEBPD,15,226
CD79B,15,227
CFP,15,228
CD68,15,229
CTSW,15,230
C5AR1,15,231
CTSS,15,232
AL138963.4,15,233
GABARAP,15,234
JAML,15,235
CMC1,15,236
LYPD2,15,237
RETN,15,238
NKG7,15,239
NR4A1,15,240
TRAV30,15,241
TRAV40,15,242
IRF7,15,243
MNDA,15,244
TGFBI,15,245
RHOC,15,246
WARS,15,247
TRBV12-5,15,248
AP1S2,15,249
IGLV3-21,15,250
PSAP,15,251
CLIC3,15,252
FTH1,15,253
GRN,15,254
TPM2,15,255
MAFB,15,256
XCL2,15,257
BLK,15,258
TRAV41,15,259
ACTB,15,260
MTRNR2L12,15,261
STXBP2,15,262
UGCG,15,263
TRAV27,15,264
NEAT1,15,265
FTL,15,266
RMRP,15,267
HIST1H1B,15,268
TRAV34,15,269
LGALS3,15,270
TKTL1,15,271
COTL1,15,272
IFITM3,15,273
SLC11A1,15,274
COCH,15,275
PILRA,15,276
KLRD1,15,277
TRAV8-1,15,278
VIM,15,279
TRGV4,15,280
TRBV6-6,15,281
MTRNR2L8,15,282
TSPO,15,283
TRGV5,15,284
TRAV6,15,285
SAT1,15,286
TRAV8-6,15,287
TRAV36DV7,15,288
TRBV14,15,289
TRBV12-3,15,290
ANXA2,15,291
THBS1,15,292
S100A11,15,293
TRBV7-4,15,294
MYOM2,15,295
TRBV18,15,296
IGLV2-8,15,297
CRIP1,15,298
S100A6,15,299
TNFRSF1B,15,300
S100B,15,301
RGS2,15,302
IGLV3-10,15,303
S100A4,15,304
S100A10,15,305
FOXP3,15,306
KLRB1,15,307
TRBV6-4,15,308
XCL1,15,309
IGLV3-9,15,310
TRBV6-5,15,311
TRBV7-9,15,312
TRBV10-1,15,313
KLRC1,15,314
TRBV9,15,315
GZMA,15,316
SERPINA1,15,317
CST7,15,318
CXCL16,15,319
TRDC,15,320
TRAV38-1,15,321
MYL9,15,322
SMIM25,15,323
TRAV8-4,15,324
DUSP2,15,325
TRBV21-1,15,326
LGALS2,15,327
TRBV10-3,15,328
TRBV23-1,15,329
G0S2,15,330
TRGV9,15,331
TRAV14DV4,15,332
IL2RB,15,333
TRAV9-2,15,334
RHOB,15,335
TRBV7-6,15,336
TRBV7-2,15,337
TYMP,15,338
TRBV7-3,15,339
TRAV38-2DV8,15,340
TRBV29-1,15,341
TRAV29DV5,15,342
IGLV1-47,15,343
TRAV12-2,15,344
TRAV8-3,15,345
TRAV5,15,346
PPP1R2C,15,347
TRAV16,15,348
TRAV8-2,15,349
TRAV10,15,350
TRAV25,15,351
PLAUR,15,352
TRAV1-2,15,353
TRAV21,15,354
TRAV19,15,355
TRAV17,15,356
TRBV6-1,15,357
TRBV24-1,15,358
TRBV15,15,359
TRBV4-1,15,360
GPBAR1,15,361
HES4,15,362
TRAV26-1,15,363
VMO1,15,364
TRAV13-1,15,365
TRAV1-1,15,366
TRAV12-3,15,367
TRAV12-1,15,368
TRAV35,15,369
TNF,15,370
TRAV3,15,371
APOBEC3A,15,372
TRAV20,15,373
TRBV2,15,374
TRBV4-2,15,375
TRAV13-2,15,376
TRBV5-5,15,377
IGLV2-14,15,378
GZMK,15,379
TRAV4,15,380
TRDV1,15,381
TRBV11-2,15,382
ZNF683,15,383
TRBV20-1,15,384
TRAV2,15,385
TRAV39,15,386
TRBV28,15,387
TRBV12-4,15,388
TRBV27,15,389
TRGV8,15,390
TRBV6-2,15,391
CCL5,15,392
KLRC2,15,393
LINC02446,15,394
TRBV19,15,395
TRBV10-2,15,396
TRBV13,15,397
CD8A,15,398
CD8B,15,399
TRBV5-6,15,400
SPARC,16,1
CAVIN2,16,2
MYL9,16,3
PTGS1,16,4
PTCRA,16,5
GNG11,16,6
F13A1,16,7
NRGN,16,8
MPIG6B,16,9
CLU,16,10
NFE2,16,11
AP003068.2,16,12
IGLV1-47,16,13
PPP1R14A,16,14
THBS1,16,15
LAMP5,16,16
RGS18,16,17
PRSS57,16,18
MAP3K7CL,16,19
EGFL7,16,20
TSC22D1,16,21
IL1B,16,22
CDKN1A,16,23
IGLV3-21,16,24
IGLV1-40,16,25
SHD,16,26
TSPAN13,16,27
MAP1A,16,28
TRBV7-4,16,29
VCAN,16,30
LMNA,16,31
LINC01781,16,32
GZMH,16,33
CCL5,16,34
DNASE1L3,16,35
JCHAIN,16,36
ENHO,16,37
TNFAIP2,16,38
CLEC4C,16,39
SCT,16,40
IGLV3-10,16,41
GZMB,16,42
TRAV8-3,16,43
GSN,16,44
TRBV7-7,16,45
LRRC26,16,46
AC004585.1,16,47
LYN,16,48
CD68,16,49
ADGRG1,16,50
ZNF683,16,51
CD14,16,52
IGKV1-5,16,53
IGKV3-11,16,54
AC097375.1,16,55
PKIB,16,56
TCL1A,16,57
SERPINF1,16,58
SLC7A7,16,59
IGHV3-23,16,60
IGHV1-2,16,61
TRBV12-4,16,62
RMRP,16,63
TRGV4,16,64
IGHV1-3,16,65
LILRB2,16,66
SLC11A1,16,67
TRBV5-5,16,68
CST3,16,69
IGLV2-8,16,70
CD8A,16,71
KLRD1,16,72
DERL3,16,73
TYROBP,16,74
IGLV1-51,16,75
SPINK2,16,76
LINC02446,16,77
TRBV7-6,16,78
CD24,16,79
FCER1G,16,80
S100A8,16,81
TRDV1,16,82
LINC01857,16,83
TRAV13-2,16,84
CD8B,16,85
FCN1,16,86
SCGB3A1,16,87
GZMA,16,88
CKB,16,89
TRAV1-2,16,90
IGHV3-21,16,91
CD302,16,92
LGALS1,16,93
CCL4,16,94
MPEG1,16,95
IGHV4-39,16,96
LILRA4,16,97
IRF8,16,98
APP,16,99
SAT1,16,100
RHOC,16,101
CSTA,16,102
FAM30A,16,103
NIBAN3,16,104
KLRC1,16,105
TRBV7-2,16,106
HLA-DRA,16,107
TRGV9,16,108
IGHV5-51,16,109
TRAV6,16,110
BANK1,16,111
MZB1,16,112
IGKC,16,113
FCER1A,16,114
TNNT1,16,115
IGLC2,16,116
KLRB1,16,117
TRBV10-3,16,118
TRBV30,16,119
TRAV21,16,120
CUX1,16,121
C5AR1,16,122
CSF3R,16,123
VPREB3,16,124
STXBP2,16,125
ALDH2,16,126
PRF1,16,127
HLA-DMB,16,128
SPON2,16,129
SOX4,16,130
PTGDS,16,131
HLA-DRB5,16,132
TRAV8-2,16,133
AFF3,16,134
IGHG2,16,135
KLRF1,16,136
AP1S2,16,137
TPM2,16,138
FTH1,16,139
GNLY,16,140
LILRB1,16,141
CYBB,16,142
IGKV4-1,16,143
ACTB,16,144
TCF4,16,145
FGFBP2,16,146
MS4A7,16,147
PLD4,16,148
IGHA1,16,149
ZNF385A,16,150
NCF2,16,151
TRBV13,16,152
HIST1H1B,16,153
CST7,16,154
TRAV17,16,155
RNF130,16,156
TRAV3,16,157
NKG7,16,158
HLA-DRB1,16,159
HOPX,16,160
JAML,16,161
MS4A6A,16,162
TXN,16,163
PECAM1,16,164
KLF4,16,165
EREG,16,166
TRAV12-3,16,167
SPI1,16,168
GZMK,16,169
MAFB,16,170
IRF7,16,171
CAPG,16,172
ITM2C,16,173
FCRLA,16,174
XCL1,16,175
LILRA5,16,176
IGLC3,16,177
LINC00926,16,178
GAPDH,16,179
IGHD,16,180
FGR,16,181
HLA-DPB1,16,182
ANXA2,16,183
EGR1,16,184
CCDC50,16,185
LGALS3,16,186
FCGRT,16,187
HLA-DQB1,16,188
CLEC10A,16,189
CTSW,16,190
S100A9,16,191
IGHV1-69D,16,192
CLIC3,16,193
TRBV10-1,16,194
UGCG,16,195
HCK,16,196
CD36,16,197
HLA-DQA1,16,198
SMIM25,16,199
TRAV16,16,200
HLA-DQA2,16,201
FTL,16,202
TRAV2,16,203
MYOM2,16,204
TRBV14,16,205
CEBPD,16,206
TRAV13-1,16,207
TGFBI,16,208
LYZ,16,209
PSAP,16,210
HES4,16,211
HLA-DMA,16,212
NUSAP1,16,213
CD19,16,214
STMN1,16,215
FCER2,16,216
CD74,16,217
CFD,16,218
MTRNR2L12,16,219
IGHM,16,220
ID2,16,221
NPC2,16,222
DUSP2,16,223
TRDV2,16,224
TRAV12-1,16,225
RNASE2,16,226
COTL1,16,227
TRAV40,16,228
GABARAP,16,229
TRDC,16,230
SPIB,16,231
IFITM3,16,232
HLA-DPA1,16,233
S100A4,16,234
LINC00996,16,235
S100A6,16,236
AL138963.4,16,237
IFI30,16,238
TNF,16,239
LRRC25,16,240
VIM,16,241
CTSS,16,242
TRAV29DV5,16,243
TRBV12-5,16,244
TRAV8-4,16,245
AIF1,16,246
TSPO,16,247
GSTP1,16,248
NCF1,16,249
NR4A1,16,250
APLP2,16,251
S100A11,16,252
IGHV3-48,16,253
PYCARD,16,254
GRN,16,255
TRAV8-6,16,256
NEAT1,16,257
S100A10,16,258
HMOX1,16,259
PILRA,16,260
TKT,16,261
RETN,16,262
TNFRSF21,16,263
HIST1H1E,16,264
RGS2,16,265
IGSF6,16,266
CSF1R,16,267
IGLV3-1,16,268
BLK,16,269
TRBV2,16,270
C19orf38,16,271
CD79A,16,272
CFP,16,273
SERPINA1,16,274
G0S2,16,275
CMC1,16,276
TNFRSF1B,16,277
FCGR3A,16,278
CDKN1C,16,279
IL2RB,16,280
KLRC2,16,281
MTRNR2L8,16,282
TRBV23-1,16,283
POU2F2,16,284
C1QA,16,285
TRAV23DV6,16,286
CRIP1,16,287
MS4A1,16,288
APOBEC3A,16,289
RALGPS2,16,290
XCL2,16,291
TRAV8-1,16,292
MNDA,16,293
TRGV8,16,294
RBP7,16,295
PTPRS,16,296
TRAV19,16,297
PPP1R14B,16,298
TRBV21-1,16,299
S100A12,16,300
TRAV14DV4,16,301
TRAV34,16,302
TRAV12-2,16,303
IGLV3-9,16,304
RRM2,16,305
CD79B,16,306
AC020916.1,16,307
IGHV4-59,16,308
IGHV3-30,16,309
CXCL16,16,310
TRAV4,16,311
PLAUR,16,312
FOXP3,16,313
CD22,16,314
GPBAR1,16,315
TRAV38-2DV8,16,316
TYMP,16,317
IL3RA,16,318
TRAV38-1,16,319
IGKV3-20,16,320
TKTL1,16,321
WARS,16,322
AC007381.1,16,323
VMO1,16,324
PCLAF,16,325
MSLN,16,326
IGLV1-44,16,327
CTSH,16,328
CPVL,16,329
LST1,16,330
IGLC1,16,331
IGHV3-7,16,332
IGLV2-14,16,333
TRAV27,16,334
TRAV20,16,335
GAS6,16,336
RHOB,16,337
CLEC7A,16,338
FGL2,16,339
TRBV6-5,16,340
TRBV11-2,16,341
IGLV3-25,16,342
IGKV1-39,16,343
TRAV10,16,344
LGALS2,16,345
PLBD1,16,346
SIGLEC6,16,347
TRAV9-2,16,348
PPP1R2C,16,349
TRAV26-1,16,350
CCL3,16,351
TRAV26-2,16,352
IGHV3-33,16,353
CD1C,16,354
TRBV25-1,16,355
COCH,16,356
IGHV4-34,16,357
IFIT3,16,358
TRAV41,16,359
C1QB,16,360
TRBV6-4,16,361
TRAV35,16,362
TRAV1-1,16,363
TRGV5,16,364
IGKV3-15,16,365
TRAV25,16,366
TRAV36DV7,16,367
S100B,16,368
IGHG1,16,369
TRBV4-2,16,370
TRBV19,16,371
IGKV1-9,16,372
TRBV5-1,16,373
TRBV7-3,16,374
IGHV1-18,16,375
TRAV5,16,376
LYPD2,16,377
TRBV6-6,16,378
TRBV12-3,16,379
TRBV24-1,16,380
TRBV6-1,16,381
TRBV15,16,382
TRBV3-1,16,383
IGHA2,16,384
ACY3,16,385
IGKV1D-39,16,386
TRBV28,16,387
TRBV7-9,16,388
TRAV30,16,389
TRAV39,16,390
TRBV18,16,391
TRBV27,16,392
TRBV29-1,16,393
TRBV5-4,16,394
TRBV5-6,16,395
TRBV10-2,16,396
TRBV6-2,16,397
TRBV20-1,16,398
TRBV9,16,399
TRBV4-1,16,400
