"cell","cluster"
"AAACCTGCACGACGAA",1
"AAACCTGGTTCCACGG",2
"AAACCTGTCTCGATGA",1
"AAACGGGAGCGCTCCA",3
"AAAGCAAAGTGAATTG",2
"AAAGCAACACCGAAAG",5
"AACGTTGTCCTCATTA",5
"AACTCAGTCACTTCAT",6
"AACTCTTGTCTTGCGG",1
"AACTTTCCACGAAGCA",4
"AAGACCTCAGGGTTAG",2
"AAGACCTCAGGTTTCA",3
"AAGACCTTCTCAAACG",1
"AAGGAGCAGCCAGAAC",4
"AAGGCAGAGCTCAACT",4
"AAGGCAGGTCACCTAA",2
"AAGGTTCCAGCTATTG",1
"AAGGTTCGTATAGTAG",6
"AATCCAGCATGATCCA",1
"AATCCAGTCAGTTAGC",6
"ACACCAACATCTCGCT",2
"ACACCCTCAGTCGATT",2
"ACACCCTTCGAGCCCA",2
"ACAGCCGGTAGCGTAG",3
"ACATACGTCACTGGGC",4
"ACATCAGAGTTTAGGA",6
"ACATCAGCAGATCCAT",2
"ACATGGTAGAGTTGGC",3
"ACATGGTAGCTAAGAT",1
"ACATGGTGTAAGTTCC",6
"ACATGGTTCCACGTGG",1
"ACCCACTAGATATACG",1
"ACCGTAAAGGATGGTC",1
"ACGAGCCAGCGCTCCA",6
"ACGATACAGCCGTCGT",1
"ACGATGTCATACGCTA",2
"ACGATGTTCTACGAGT",2
"ACGGAGAGTCACACGC",2
"ACGGCCACAACTGCTA",2
"ACGGGCTAGTAGATGT",1
"ACGGGTCCAGGCTCAC",3
"ACGGGTCGTTGTACAC",2
"ACTGAGTCACTGCCAG",2
"ACTGAGTTCGACCAGC",2
"ACTGATGAGCTCTCGG",1
"ACTGCTCAGACCCACC",2
"ACTGCTCGTGCGGTAA",1
"ACTTACTAGAAACCGC",1
"ACTTGTTCATCCAACA",1
"AGAATAGTCTCTGCTG",2
"AGACGTTTCTCGATGA",5
"AGAGCGAAGCACGCCT",1
"AGAGCGACAACACCCG",3
"AGAGCGATCCGTAGTA",5
"AGAGCTTAGTACGTTC",1
"AGAGTGGAGTCCGTAT",1
"AGAGTGGCATGCCACG",2
"AGATCTGGTCTCTTTA",4
"AGATCTGTCTGTACGA",6
"AGCATACGTTACGTCA",1
"AGCGGTCAGTATCTCG",1
"AGCTCCTCACTAGTAC",3
"AGCTCTCTCCCAAGTA",2
"AGCTTGAAGGGATGGG",6
"AGGCCACAGCGCTCCA",6
"AGGCCACGTATCGCAT",1
"AGGTCATGTATTCGTG",1
"AGGTCATGTCAGTGGA",2
"AGGTCATGTTACGACT",1
"AGTCTTTCAGTGGGAT",3
"AGTGAGGCACATTCGA",3
"AGTGTCAAGCCACCTG",1
"AGTGTCACACATGGGA",2
"AGTTGGTCAGTTAACC",2
"AGTTGGTGTATCAGTC",2
"ATAAGAGAGTACGCGA",1
"ATAAGAGGTGTGCCTG",1
"ATAGACCTCTCACATT",1
"ATCACGATCAACACCA",1
"ATCCACCAGAAACCTA",3
"ATCCGAATCAAACCGT",2
"ATCGAGTAGGGTGTTG",6
"ATCGAGTGTCGAACAG",1
"ATCTACTAGTGGACGT",2
"ATCTACTGTTGAGTTC",1
"ATGAGGGTCTACTTAC",2
"ATGCGATGTCGCATAT",2
"ATGTGTGTCGGCCGAT",2
"ATTATCCGTCTTCGTC",1
"ATTTCTGTCTAGAGTC",2
"CAACCAACAAGAAGAG",5
"CAACCAACAGCTATTG",1
"CAACTAGCACATAACC",6
"CAACTAGGTTAGATGA",4
"CAACTAGTCCTGTACC",3
"CAAGAAAAGAGAGCTC",2
"CAAGATCTCACGCGGT",2
"CAAGTTGAGATCTGAA",3
"CAAGTTGCAATCTGCA",6
"CACACAAAGCCCTAAT",6
"CACACTCAGTGGACGT",3
"CACATAGAGGGATACC",5
"CACATAGGTCTCTTTA",2
"CACATTTTCTGTCAAG",1
"CACTCCATCCGCAGTG",3
"CAGAATCAGCTCCTCT",5
"CAGAGAGCACCTTGTC",1
"CAGATCAGTACGCACC",1
"CAGCAGCAGACTAGAT",3
"CAGCGACCAAACGCGA",1
"CAGTAACAGTGGTAAT",6
"CAGTCCTGTGAGCGAT",1
"CATATTCAGACGCTTT",6
"CATCCACCAATACGCT",6
"CATCGAAAGGCTCTTA",2
"CATCGAATCAACGGGA",2
"CATCGGGCAGCTGTAT",1
"CATCGGGCATAAAGGT",1
"CATCGGGGTTGTACAC",1
"CATGACATCCACGTGG",2
"CATGGCGCACCCATGG",1
"CATTCGCCATTTCACT",2
"CCAATCCCACTACAGT",6
"CCACCTATCAGCATGT",3
"CCACGGAAGGCCCGTT",4
"CCCAATCCAGGTGGAT",4
"CCCAATCTCATCTGCC",2
"CCCAGTTCATCGTCGG",4
"CCCATACGTAGCTAAA",1
"CCCTCCTTCAAACAAG",4
"CCGTACTCATCGGGTC",1
"CCGTGGAAGTAACCCT",1
"CCTAAAGGTTCGTCTC",1
"CCTACCAGTAGGGTAC",4
"CCTACCATCGCTTGTC",1
"CCTCAGTCAGCAGTTT",1
"CCTCTGAAGAAGATTC",1
"CCTTACGGTTCATGGT",5
"CGAATGTAGAGCTGCA",6
"CGACTTCGTAGTACCT",2
"CGAGAAGAGCGATAGC",2
"CGAGAAGGTTGCGTTA",4
"CGAGAAGTCTAGCACA",1
"CGATGGCGTACTTCTT",5
"CGATGGCTCTCGTATT",3
"CGATGTATCCCTTGTG",6
"CGATGTATCGAGAACG",1
"CGCCAAGTCCTAGAAC",2
"CGCGGTACAGCCTTGG",6
"CGCGTTTGTTCCACAA",4
"CGCGTTTGTTCGTTGA",3
"CGCTATCCACTGCCAG",1
"CGCTGGATCTGCGACG",2
"CGCTTCAAGATCCCAT",2
"CGCTTCATCCGAATGT",5
"CGGACACAGGCTACGA",6
"CGGACACAGTAGGCCA",1
"CGGACGTAGCTTTGGT",2
"CGGACTGAGCAGCCTC",2
"CGGACTGGTCCGTCAG",2
"CGGAGCTCACGACGAA",2
"CGGAGCTTCCTGCAGG",1
"CGGAGTCCAGACACTT",1
"CGGGTCATCAGGATCT",2
"CGGGTCATCCCAGGTG",3
"CGGGTCATCTGCGTAA",1
"CGGTTAATCTGTCCGT",6
"CGTCACTGTAACGCGA",1
"CGTCAGGTCGGCTTGG",2
"CGTCCATAGACAATAC",1
"CGTCCATCAGCTCGAC",3
"CGTCTACCAAATCCGT",2
"CGTGAGCAGGGCATGT",1
"CGTGTCTAGCGATAGC",5
"CTAAGACGTACATCCA",1
"CTAAGACGTTGACGTT",3
"CTAATGGGTACAGTGG",1
"CTACATTAGTATTGGA",4
"CTAGCCTGTTCGCGAC",1
"CTAGTGATCTCCCTGA",1
"CTCAGAACACCCTATC",1
"CTCGAGGGTCGCATCG",2
"CTCGGAGTCATCACCC",1
"CTCGGAGTCCTCTAGC",4
"CTCGTCAGTGGTCTCG",2
"CTCTAATAGGGTCGAT",6
"CTCTACGAGTGGAGAA",1
"CTCTGGTGTTCCCGAG",1
"CTGAAACTCCGAATGT",2
"CTGAAGTGTAGAGCTG",6
"CTGATCCCAAGCCCAC",1
"CTGTTTAGTTAAAGTG",1
"CTTACCGAGTCCATAC",1
"CTTACCGGTCCATCCT",2
"CTTACCGTCTTGCAAG",3
"GAACGGAGTGCGAAAC",5
"GAAGCAGTCACTATTC",1
"GAAGCAGTCGAATCCA",1
"GAATAAGTCCCATTAT",2
"GAATGAATCGAATGCT",3
"GACAGAGGTGCACGAA",1
"GACCTGGTCATAACCG",6
"GACGTTAAGTGTACCT",1
"GACTACACAAGCTGAG",1
"GACTGCGGTGCAACTT",1
"GATCAGTAGTCTCCTC",3
"GATCGATCACATGGGA",6
"GATCGCGAGGGCTCTC",5
"GATCTAGTCTTTACAC",3
"GATGAAAAGACGACGT",3
"GATTCAGCACAGCGTC",2
"GCAAACTGTCAGAGGT",2
"GCAAACTGTTTCCACC",1
"GCACTCTGTAAACCTC",1
"GCAGTTAAGTATTGGA",2
"GCAGTTATCGCACTCT",1
"GCATGTACACCTCGTT",6
"GCCAAATAGATATACG",5
"GCCTCTATCAAGAAGT",1
"GCGACCAAGTGACATA",6
"GCGCGATGTGCTGTAT",6
"GCGCGATTCTTGCATT",2
"GCTCCTAGTCTAAAGA",2
"GCTCTGTAGTCGTTTG",1
"GCTCTGTGTCTAAAGA",1
"GCTGCAGAGCCCTAAT",2
"GCTGCAGTCAACGGGA",1
"GCTGCAGTCGTTTGCC",2
"GCTGCAGTCTGCGACG",6
"GCTGCGAAGAACAACT",5
"GCTGCGAGTAAACGCG",2
"GCTGCGATCGAATGCT",5
"GCTGCTTCAGCTGTAT",2
"GCTGCTTGTCCGAAGA",3
"GCTGCTTTCCAATGGT",2
"GCTGGGTCAATGAATG",6
"GGAACTTTCTGAGTGT",3
"GGACGTCAGGGTGTTG",5
"GGAGCAATCTGTCAAG",1
"GGATGTTAGTGTACGG",1
"GGATGTTTCGTGGTCG",3
"GGATTACAGAGGACGG",4
"GGATTACGTGCCTGTG",6
"GGCAATTGTAAATACG",1
"GGCCGATCAAGGACTG",1
"GGCGACTCAGTATAAG",4
"GGCGTGTCAATCCAAC",5
"GGCTCGATCACATACG",1
"GGCTGGTCAGGGCATA",1
"GGGACCTCACTCTGTC",1
"GGGACCTGTTATCGGT",4
"GGGATGATCCGAAGAG",3
"GGGCATCGTACCCAAT",4
"GGTATTGGTCGGCACT",2
"GGTGAAGTCGACCAGC",1
"GGTGCGTGTATATCCG",2
"GGTGTTAAGCTAGTGG",6
"GGTGTTATCAGTGCAT",2
"GTAACGTAGCTAACAA",5
"GTAACGTGTCTTGTCC",2
"GTAACGTGTTGAGTTC",1
"GTAACGTGTTTGCATG",2
"GTAACTGGTAAGTTCC",5
"GTAGGCCAGCTAACAA",2
"GTAGGCCCAGCCTATA",1
"GTAGGCCTCAACGGGA",1
"GTCACAAGTTCCTCCA",1
"GTCATTTAGTGTGAAT",1
"GTCATTTTCACCGTAA",1
"GTCATTTTCCCAACGG",2
"GTCCTCACATTCTCAT",2
"GTCCTCATCTGTCCGT",6
"GTCGTAAAGCTGATAA",2
"GTCGTAATCTTTAGTC",4
"GTGCAGCGTTGGAGGT",6
"GTGCATACATGGTCTA",5
"GTGCTTCCACATAACC",6
"GTGGGTCCAAGCTGAG",2
"GTGGGTCTCCAGAGGA",5
"GTGTTAGAGCTGCAAG",1
"GTGTTAGCAACTGCTA",1
"GTTAAGCTCAAGGTAA",2
"GTTCATTAGAGTCTGG",2
"GTTCTCGAGGCATGTG",1
"GTTCTCGAGTACGTTC",4
"GTTCTCGGTCTAGCGC",1
"TAAGAGATCCCGGATG",1
"TACCTATAGCGAGAAA",2
"TACCTTAGTCCAACTA",2
"TACCTTATCGTGGGAA",6
"TACGGATAGGCAATTA",1
"TACGGTACAAGTTCTG",2
"TACTCATTCAAGGTAA",2
"TAGCCGGGTTCGTGAT",6
"TAGGCATTCAAACCAC",1
"TAGTTGGAGTGTTGAA",4
"TAGTTGGGTAGTACCT",1
"TAGTTGGTCACGAAGG",1
"TATCTCACAAGGACAC",1
"TATCTCACAATCACAC",3
"TATTACCCACCGAAAG",3
"TATTACCTCGTAGGTT",2
"TCAACGATCTTTAGGG",1
"TCACAAGAGTAGCGGT",3
"TCAGCTCAGTCGCCGT",1
"TCAGCTCGTGGACGAT",4
"TCAGGATCACTGTGTA",1
"TCATTACCACATCTTT",2
"TCCCGATTCCATGAAC",5
"TCGAGGCGTATGCTTG",2
"TCGAGGCTCTGAGTGT",2
"TCGCGAGGTTGGGACA",1
"TCGGGACAGTCAAGGC",6
"TCGGGACCATCACCCT",6
"TCGGGACGTTCGGGCT",1
"TCGTACCTCAACGCTA",2
"TCGTACCTCTGTACGA",3
"TCGTAGATCGCATGGC",5
"TCTATTGCACTGAAGG",2
"TCTGGAATCGAGCCCA",1
"TCTTCGGGTAGGACAC",6
"TCTTTCCGTCGCGTGT",5
"TGACGGCGTAAGTAGT",2
"TGACTTTCATTCTCAT",1
"TGACTTTTCAAACCGT",1
"TGAGCCGGTCGGCATC",2
"TGAGGGAAGCGTGAAC",1
"TGCACCTCAAGTTCTG",6
"TGCACCTCAGCCTGTG",5
"TGCCCATTCTGCTTGC",5
"TGCCCTACATGGAATA",2
"TGCGCAGCACTTCGAA",1
"TGCGGGTCAGATGGGT",2
"TGCGGGTCATCGACGC",3
"TGCGGGTGTATGGTTC",2
"TGCTGCTCATCGACGC",4
"TGCTGCTGTAACGTTC",5
"TGGACGCCACGGACAA",2
"TGGACGCCAGCCAGAA",3
"TGGACGCGTTACGACT",1
"TGGACGCTCTGGCGTG",1
"TGGCGCAGTAAGTAGT",3
"TGGCTGGTCGAATGCT",2
"TGGGAAGAGGCGCTCT",1
"TGGTTAGCATGTCGAT",5
"TGTATTCAGCGAAGGG",2
"TGTCCCACAGCTGTTA",6
"TGTCCCAGTCGCGTGT",1
"TGTGGTAGTTCCAACA",1
"TGTGTTTCATTACGAC",4
"TTAGGCAGTACTCGCG",1
"TTAGTTCGTCTTCTCG",1
"TTAGTTCTCTCTGCTG",1
"TTCCCAGCATAAGACA",5
"TTCCCAGGTTGTTTGG",1
"TTCGGTCAGACAATAC",2
"TTCGGTCTCAGCTCTC",6
"TTCTACAAGAGCAATT",1
"TTCTTAGGTTTGGGCC",5
"TTCTTAGTCATGGTCA",1
"TTGCCGTAGCTATGCT",5
"TTGCCGTGTTGCGCAC",4
"TTGCGTCAGCAGATCG",4
"TTGGAACAGTTGCAGG",2
"TTGGCAAAGTGGTAAT",3
"TTTACTGCAGACGCTC",2
"TTTGCGCAGGACAGCT",1
"TTTGGTTCAGACTCGC",6
"TTTGTCAAGTGGAGAA",6
"TTTGTCAGTCGATTGT",1
